,ASV,heated.p,heated.padj,bleached.p,bleached.padj,bleached.heated.p,bleached.heated.padj,heated.l2fc,bleached.l2fc,bleached.heated.l2fc,heated.sig,bleached.sig,bleached.heated.sig,ESV,OTUNumber,Doman,Phylum,Class,Order,Family,Genus,X,X.1,X.2,X.3,X.4
Otu00001,Otu00001,0.071647873,0.381036415,0.264361343,0.717552218,0.201280353,0.825289484,-0.876426519,-0.533276725,-0.543701698,N,N,N,esv_1,Otu00001,Bacteria(100),Cyanobacteria,Oxyphotobacteria,Synechococcales,Cyanobiaceae,Synechococcus_CC9902,,NA,NA,NA,
Otu00894,Otu00894,0.981164467,0.994638893,0.453430448,0.816754226,0.861166585,0.997343993,0.045675774,1.440533454,-0.301027647,N,N,N,esv_1006,Otu00894,Bacteria(100),Proteobacteria,Gammaproteobacteria,Alteromonadales,Alteromonadaceae,Alteromonadaceae_unclassified,,NA,NA,NA,
Otu00897,Otu00897,0.565912075,0.815004967,0.499771527,0.853542384,0.763302327,0.997343993,-0.710348136,0.821585187,-0.328295517,N,N,N,esv_1010,Otu00897,Bacteria(100),Proteobacteria,Gammaproteobacteria,Alteromonadales,Alteromonadaceae,Alteromonadaceae_unclassified,,NA,NA,NA,
Otu00109,Otu00109,0.395385156,0.75423241,0.127687367,0.462106663,0.638956314,0.997343993,-1.236399236,-2.214816925,-0.60771618,N,N,N,esv_109,Otu00109,Bacteria(100),Proteobacteria,Gammaproteobacteria,Oceanospirillales,Nitrincolaceae,Nitrincolaceae_unclassified,,NA,NA,NA,
Otu00011,Otu00011,0.5493623,0.81361252,0.810672026,0.944210178,0.693091626,0.997343993,-1.509410359,-0.599592267,-0.882937083,N,N,N,esv_11,Otu00011,Bacteria(100),Proteobacteria,Alphaproteobacteria,SAR11_clade,Clade_I,Clade_Ia,,NA,NA,NA,
Otu00110,Otu00110,0.100799468,0.406673715,0.03060578,0.155069283,0.344701348,0.997343993,-1.233260707,-1.612787621,-0.625197991,N,N,N,esv_110,Otu00110,Bacteria(100),Proteobacteria,Alphaproteobacteria,Rhodobacterales,Rhodobacteraceae,Donghicola,,NA,NA,NA,
Otu01024,Otu01024,0.770023927,0.938466661,0.21820086,0.663330615,0.566516186,0.997343993,0.765633325,3.206446229,1.336305237,N,N,N,esv_1166,Otu01024,Bacteria(100),Proteobacteria,Gammaproteobacteria,Alteromonadales,Alteromonadaceae,Catenovulum,,NA,NA,NA,
Otu00012,Otu00012,0.578165917,0.815004967,0.681655899,0.931163267,0.849605157,0.997343993,-0.340929343,-0.250297106,-0.103322486,N,N,N,esv_12,Otu00012,Bacteria(100),Proteobacteria,Alphaproteobacteria,Rhodobacterales,Rhodobacteraceae,Thalassobius,,NA,NA,NA,
Otu00013,Otu00013,0.025466662,0.165533303,0.826183906,0.944210178,0.309911235,0.997343993,1.841073912,-0.181917587,0.746853599,N,N,N,esv_13,Otu00013,Bacteria(100),Bacteroidetes,Bacteroidia,Flavobacteriales,Flavobacteriaceae,Olleya,,NA,NA,NA,
Otu00131,Otu00131,0.017616747,0.121244671,0.01913578,0.110479945,0.020211992,0.153825239,9.602674377,9.473664791,8.488547811,N,N,N,esv_131,Otu00131,Bacteria(100),Proteobacteria,Gammaproteobacteria,Vibrionales,Vibrionaceae,Vibrionaceae_unclassified,,NA,NA,NA,
Otu01153,Otu01153,0.879106305,0.964756238,0.322583629,0.766136119,0.994367025,0.997343993,-0.387927792,2.498530463,0.015976332,N,N,N,esv_1324,Otu01153,Bacteria(100),Proteobacteria,Gammaproteobacteria,Alteromonadales,Pseudoalteromonadaceae,Pseudoalteromonadaceae_unclassified,,NA,NA,NA,
Otu00134,Otu00134,0.083763426,0.394038388,0.233396674,0.682236431,0.387496649,0.997343993,-2.015201479,-1.376780781,-0.891109576,N,N,N,esv_134,Otu00134,Bacteria(100),Proteobacteria,Gammaproteobacteria,Oceanospirillales,Nitrincolaceae,Neptuniibacter,,NA,NA,NA,
Otu00014,Otu00014,0.502678306,0.805201058,0.590800248,0.931163267,0.885773751,0.997343993,-1.245800915,-0.990982569,0.235889654,N,N,N,esv_14,Otu00014,Bacteria(100),Proteobacteria,Alphaproteobacteria,SAR11_clade,Clade_I,Clade_Ia,,NA,NA,NA,
Otu00147,Otu00147,0.168914839,0.520079901,0.395532671,0.816754226,0.442255668,0.997343993,-1.584622098,-0.967474311,-0.78069344,N,N,N,esv_147,Otu00147,Bacteria(100),Proteobacteria,Gammaproteobacteria,Alteromonadales,Marinobacteraceae,Marinobacter,,NA,NA,NA,
Otu01285,Otu01285,0.806268497,0.962585859,0.383211419,0.816754226,0.832989252,0.997343993,-0.493401827,1.72892678,0.37437313,N,N,N,esv_1494,Otu01285,Bacteria(100),Proteobacteria,Gammaproteobacteria,Alteromonadales,Pseudoalteromonadaceae,Pseudoalteromonadaceae_unclassified,,NA,NA,NA,
Otu00161,Otu00161,0.726270719,0.923626892,0.911125758,0.996338958,0.884415924,0.997343993,-0.480943156,0.153159643,0.178386507,N,N,N,esv_161,Otu00161,Bacteria(100),Proteobacteria,Gammaproteobacteria,Alteromonadales,Pseudoalteromonadaceae,Psychrosphaera,,NA,NA,NA,
Otu00163,Otu00163,0.409438583,0.75423241,0.77137761,0.941906395,0.796079824,0.997343993,-1.068220396,-0.373861397,0.296938473,N,N,N,esv_163,Otu00163,Bacteria(100),Proteobacteria,Alphaproteobacteria,Rhodobacterales,Rhodobacteraceae,Rhodobacteraceae_unclassified,,NA,NA,NA,
Otu00167,Otu00167,0.906556261,0.964756238,0.730230284,0.931163267,0.810068431,0.997343993,0.251435515,0.737706316,-0.460002935,N,N,N,esv_167,Otu00167,Bacteria(100),Proteobacteria,Alphaproteobacteria,Rhodobacterales,Rhodobacteraceae,Rhodobacteraceae_unclassified,,NA,NA,NA,
Otu00017,Otu00017,0.248736253,0.630825576,0.614793605,0.931163267,0.736001939,0.997343993,-1.36454531,-0.578646568,-0.344813295,N,N,N,esv_17,Otu00017,Bacteria(100),Proteobacteria,Alphaproteobacteria,SAR11_clade,Clade_II,Clade_II_ge,,NA,NA,NA,
Otu00018,Otu00018,0.090204032,0.394038388,0.151959871,0.524952282,0.91676738,0.997343993,-1.092297532,-0.910053687,0.058942676,N,N,N,esv_18,Otu00018,Bacteria(100),Proteobacteria,Alphaproteobacteria,Puniceispirillales,SAR116_clade,SAR116_clade_ge,,NA,NA,NA,
Otu00186,Otu00186,0.486512319,0.801717483,0.422803214,0.816754226,0.814707007,0.997343993,-0.893518902,1.01474532,-0.265631458,N,N,N,esv_187,Otu00186,Bacteria(100),Proteobacteria,Alphaproteobacteria,Rhodobacterales,Rhodobacteraceae,Rhodobacteraceae_unclassified,,NA,NA,NA,
Otu00019,Otu00019,0.921761642,0.964756238,0.717309436,0.931163267,0.364209901,0.997343993,0.053604235,0.196817754,0.4406271,N,N,N,esv_19,Otu00019,Bacteria(100),Proteobacteria,Alphaproteobacteria,Rhodobacterales,Rhodobacteraceae,Nautella,,NA,NA,NA,
Otu00189,Otu00189,0.515188013,0.805201058,0.957540284,0.999312469,0.75041322,0.997343993,-0.975494472,-0.079057306,0.421765348,N,N,N,esv_190,Otu00189,Bacteria(100),Proteobacteria,Alphaproteobacteria,Rhodobacterales,Rhodobacteraceae,Rhodobacteraceae_unclassified,,NA,NA,NA,
Otu00199,Otu00199,0.474185191,0.801717483,0.720257668,0.931163267,0.838161665,0.997343993,-0.874766739,0.431535534,0.219948377,N,N,N,esv_200,Otu00199,Bacteria(100),Proteobacteria,Alphaproteobacteria,Rhodobacterales,Rhodobacteraceae,Thalassobius,,NA,NA,NA,
Otu00205,Otu00205,0.900119581,0.964756238,0.430095476,0.816754226,0.56110684,0.997343993,0.319000179,-2.008357797,-1.320957474,N,N,N,esv_207,Otu00205,Bacteria(100),Proteobacteria,Gammaproteobacteria,Oceanospirillales,Nitrincolaceae,Neptuniibacter,,NA,NA,NA,
Otu00227,Otu00227,0.093971447,0.394038388,0.358378033,0.789470449,0.541800122,0.997343993,-2.035154969,-1.104958069,-0.655289435,N,N,N,esv_230,Otu00227,Bacteria(100),Proteobacteria,Alphaproteobacteria,Rhodobacterales,Rhodobacteraceae,Rhodobacteraceae_unclassified,,NA,NA,NA,
Otu00230,Otu00230,0.390248011,0.75423241,0.76235623,0.941906395,0.305104148,0.997343993,-2.020657589,0.700936588,-2.133421596,N,N,N,esv_233,Otu00230,Bacteria(100),Proteobacteria,Alphaproteobacteria,Rhodobacterales,Rhodobacteraceae,Rhodobacteraceae_unclassified,,NA,NA,NA,
Otu00234,Otu00234,0.094299785,0.394038388,0.07454134,0.306223884,0.224652584,0.853679818,-2.31991559,-2.45837476,-1.490834101,N,N,N,esv_237,Otu00234,Bacteria(100),Proteobacteria,Gammaproteobacteria,Oceanospirillales,Nitrincolaceae,Nitrincolaceae_unclassified,,NA,NA,NA,
Otu00024,Otu00024,0.300204088,0.679990349,0.962365787,0.999312469,0.929396694,0.997343993,-1.239855549,0.056074764,0.094122335,N,N,N,esv_24,Otu00024,Bacteria(100),Proteobacteria,Alphaproteobacteria,Rhodobacterales,Rhodobacteraceae,HIMB11,,NA,NA,NA,
Otu00243,Otu00243,0.92077199,0.964756238,0.202709966,0.655572657,0.267142937,0.944319218,-0.130906349,1.654220562,-1.298336715,N,N,N,esv_246,Otu00243,Bacteria(100),Bacteroidetes,Bacteroidia,Flavobacteriales,Flavobacteriales_unclassified,Flavobacteriales_unclassified,,NA,NA,NA,
Otu00247,Otu00247,0.252932478,0.630825576,0.75601712,0.941906395,0.712152852,0.997343993,0.858487428,0.232038828,-0.245931516,N,N,N,esv_250,Otu00247,Bacteria(100),Proteobacteria,Alphaproteobacteria,Rhodobacterales,Rhodobacteraceae,Rhodobacteraceae_unclassified,,NA,NA,NA,
Otu00248,Otu00248,0.545478528,0.81361252,0.863412822,0.964665376,0.898749637,0.997343993,-0.566283314,-0.160514797,0.106085739,N,N,N,esv_251,Otu00248,Bacteria(100),Proteobacteria,Gammaproteobacteria,Alteromonadales,Alteromonadaceae,Alteromonadaceae_unclassified,,NA,NA,NA,
Otu00252,Otu00252,0.615236763,0.831501556,0.796958137,0.941906395,0.206322371,0.825289484,0.515433071,-0.263647114,1.155984062,N,N,N,esv_255,Otu00252,Bacteria(100),Proteobacteria,Gammaproteobacteria,Alteromonadales,Pseudoalteromonadaceae,Psychrosphaera,,NA,NA,NA,
Otu00263,Otu00263,0.62540288,0.831501556,0.03820572,0.187331272,0.055726004,0.302512595,-0.746964218,3.038031394,2.510263842,N,N,N,esv_267,Otu00263,Bacteria(100),Bacteroidetes,Bacteroidia,Flavobacteriales,Flavobacteriaceae,Tenacibaculum,,NA,NA,NA,
Otu00268,Otu00268,0.274904778,0.65402218,0.869468135,0.964665376,0.686399749,0.997343993,-1.349302009,0.200228522,-0.439934141,N,N,N,esv_272,Otu00268,Bacteria(100),Bacteroidetes,Bacteroidia,Flavobacteriales,NS9_marine_group,NS9_marine_group_ge,,NA,NA,NA,
Otu00276,Otu00276,0.410659567,0.75423241,0.318297081,0.766136119,0.84750726,0.997343993,-1.068205299,1.266319314,0.218425104,N,N,N,esv_280,Otu00276,Bacteria(100),Bacteroidetes,Bacteroidia,Flavobacteriales,NS9_marine_group,NS9_marine_group_ge,,NA,NA,NA,
Otu00284,Otu00284,0.160204111,0.520079901,0.080659333,0.314364579,0.675982048,0.997343993,2.592457695,3.222382144,-0.691202236,N,N,N,esv_288,Otu00284,Bacteria(100),Proteobacteria,Gammaproteobacteria,Oceanospirillales,Nitrincolaceae,Nitrincolaceae_unclassified,,NA,NA,NA,
Otu00289,Otu00289,0.480486872,0.801717483,0.472588638,0.835272942,0.802426533,0.997343993,-1.321766626,-1.334787873,-0.413835505,N,N,N,esv_294,Otu00289,Bacteria(100),Proteobacteria,Alphaproteobacteria,Rhizobiales,Rhizobiaceae,Lentilitoribacter,,NA,NA,NA,
Otu00290,Otu00290,0.866727071,0.964756238,0.320478908,0.766136119,0.856925795,0.997343993,-0.21674809,1.279006896,0.20764732,N,N,N,esv_295,Otu00290,Bacteria(100),Proteobacteria,Gammaproteobacteria,Alteromonadales,Alteromonadaceae,Alteromonadaceae_unclassified,,NA,NA,NA,
Otu00003,Otu00003,0.119124632,0.449599418,0.176950542,0.584706139,0.072589134,0.367784946,-0.968663371,-0.83869951,-0.997352693,N,N,N,esv_3,Otu00003,Bacteria(100),Bacteroidetes,Bacteroidia,Flavobacteriales,Cryomorphaceae,uncultured,,NA,NA,NA,
Otu00030,Otu00030,0.302217933,0.679990349,0.852116538,0.959420103,0.144301661,0.645113309,0.581070215,0.104949063,0.734842178,N,N,N,esv_30,Otu00030,Bacteria(100),Proteobacteria,Gammaproteobacteria,Alteromonadales,Alteromonadaceae,Alteromonadaceae_unclassified,,NA,NA,NA,
Otu00295,Otu00295,0.37943412,0.75423241,0.814593042,0.944210178,0.525764028,0.997343993,-1.12687942,0.297503728,-0.720288965,N,N,N,esv_300,Otu00295,Bacteria(100),Proteobacteria,Alphaproteobacteria,Rhodobacterales,Rhodobacteraceae,Rhodobacteraceae_unclassified,,NA,NA,NA,
Otu00299,Otu00299,0.094095709,0.394038388,0.027819258,0.145811281,0.061750507,0.32365783,1.518084509,1.984872498,1.507955664,N,N,N,esv_304,Otu00299,Bacteria(100),Proteobacteria,Alphaproteobacteria,Rhodobacterales,Rhodobacteraceae,Rhodobacteraceae_unclassified,,NA,NA,NA,
Otu00301,Otu00301,0.900732546,0.964756238,0.443935002,0.816754226,0.834499643,0.997343993,-0.163685736,1.001653407,0.244523496,N,N,N,esv_306,Otu00301,Bacteria(100),Proteobacteria,Gammaproteobacteria,Alteromonadales,Alteromonadaceae,uncultured,,NA,NA,NA,
Otu00308,Otu00308,0.403783753,0.75423241,0.741254969,0.931163267,0.735533247,0.997343993,-1.03514458,-0.402579327,0.366641346,N,N,N,esv_315,Otu00308,Bacteria(100),Proteobacteria,Alphaproteobacteria,Rhodobacterales,Rhodobacteraceae,Rhodobacteraceae_unclassified,,NA,NA,NA,
Otu00313,Otu00313,0.236784637,0.630825576,0.013408491,0.088612637,0.14116028,0.645113309,1.906177829,3.965959836,2.113668814,N,N,N,esv_320,Otu00313,Bacteria(100),Bacteroidetes,Bacteroidia,Flavobacteriales,Flavobacteriaceae,Tenacibaculum,,NA,NA,NA,
Otu00034,Otu00034,0.180675226,0.529884931,0.290034927,0.734755148,0.435602406,0.997343993,-1.603847146,-1.247469734,-0.817749941,N,N,N,esv_34,Otu00034,Bacteria(100),Proteobacteria,Alphaproteobacteria,Caulobacterales,Hyphomonadaceae,Hyphomonas,,NA,NA,NA,
Otu00335,Otu00335,0.411028123,0.75423241,0.604114422,0.931163267,0.928850654,0.997343993,-1.566604152,-0.976816387,-0.14995221,N,N,N,esv_344,Otu00335,Bacteria(100),Proteobacteria,Gammaproteobacteria,Vibrionales,Vibrionaceae,Vibrio,,NA,NA,NA,
Otu00348,Otu00348,0.314458927,0.694182914,0.456737561,0.816754226,0.997343993,0.997343993,-1.841965288,-1.352884775,0.005397707,N,N,N,esv_358,Otu00348,Bacteria(100),Proteobacteria,Gammaproteobacteria,Betaproteobacteriales,Methylophilaceae,OM43_clade,,NA,NA,NA,
Otu00036,Otu00036,0.806143863,0.962585859,0.740888188,0.931163267,0.588397608,0.997343993,-0.127609963,0.171028174,0.250027182,N,N,N,esv_36,Otu00036,Bacteria(100),Proteobacteria,Alphaproteobacteria,Rhodobacterales,Rhodobacteraceae,Rhodobacteraceae_unclassified,,NA,NA,NA,
Otu00038,Otu00038,0.258800236,0.630825576,0.436999346,0.816754226,0.459450108,0.997343993,-0.773462598,-0.529478362,-0.4500489,N,N,N,esv_38,Otu00038,Bacteria(100),Proteobacteria,Alphaproteobacteria,Rhodobacterales,Rhodobacteraceae,Shimia,,NA,NA,NA,
Otu00370,Otu00370,0.623565763,0.831501556,0.27581773,0.722338482,0.851144665,0.997343993,-0.589667935,1.290928206,-0.199134074,N,N,N,esv_385,Otu00370,Bacteria(100),Proteobacteria,Gammaproteobacteria,Alteromonadales,Alteromonadaceae,Alteromonadaceae_unclassified,,NA,NA,NA,
Otu00039,Otu00039,0.444636683,0.788219574,0.270139375,0.720371668,0.825419205,0.997343993,-0.976720266,-1.400927857,0.248708184,N,N,N,esv_39,Otu00039,Bacteria(100),Proteobacteria,Alphaproteobacteria,Rhodospirillales,AEGEAN-169_marine_group,AEGEAN-169_marine_group_ge,,NA,NA,NA,
Otu00004,Otu00004,0.426727601,0.768109682,0.73586589,0.931163267,0.605367451,0.997343993,-0.33004817,0.139657231,0.191222716,N,N,N,esv_4,Otu00004,Bacteria(100),Proteobacteria,Alphaproteobacteria,Rhodobacterales,Rhodobacteraceae,HIMB11,,NA,NA,NA,
Otu00387,Otu00387,0.463079754,0.801717483,0.716092214,0.931163267,0.995253901,0.997343993,-0.986606314,-0.481429151,-0.007012365,N,N,N,esv_403,Otu00387,Bacteria(98),Proteobacteria,Alphaproteobacteria,Alphaproteobacteria_unclassified,Alphaproteobacteria_unclassified,Alphaproteobacteria_unclassified,,NA,NA,NA,
Otu00389,Otu00389,0.412571575,0.75423241,0.719907488,0.931163267,0.712902925,0.997343993,-0.986075742,-0.426452163,-0.390521402,N,N,N,esv_405,Otu00389,Bacteria(100),Proteobacteria,Alphaproteobacteria,Rhodobacterales,Rhodobacteraceae,Rhodobacteraceae_unclassified,,NA,NA,NA,
Otu00041,Otu00041,0.037298478,0.218196094,0.796945825,0.941906395,0.584610493,0.997343993,-1.721748455,-0.211678136,-0.402134726,N,N,N,esv_41,Otu00041,Bacteria(100),Bacteroidetes,Bacteroidia,Flavobacteriales,NS9_marine_group,NS9_marine_group_ge,,NA,NA,NA,
Otu00397,Otu00397,0.372008312,0.75423241,0.332296262,0.777062029,0.744034424,0.997343993,1.34900832,1.462678552,0.440782092,N,N,N,esv_416,Otu00397,Bacteria(100),Proteobacteria,Gammaproteobacteria,Alteromonadales,Alteromonadaceae,Alteromonadaceae_unclassified,,NA,NA,NA,
Otu00404,Otu00404,0.538152668,0.81361252,0.957272744,0.999312469,0.943153113,0.997343993,-1.186647081,-0.102376509,0.121737876,N,N,N,esv_425,Otu00404,Bacteria(100),Proteobacteria,Alphaproteobacteria,Rhodobacterales,Rhodobacteraceae,Ruegeria,,NA,NA,NA,
Otu00043,Otu00043,0.327309499,0.69627657,0.824670165,0.944210178,0.892089874,0.997343993,-1.181494427,0.265582451,0.145403699,N,N,N,esv_43,Otu00043,Bacteria(100),Bacteroidetes,Bacteroidia,Flavobacteriales,NS9_marine_group,NS9_marine_group_ge,,NA,NA,NA,
Otu00044,Otu00044,0.923527339,0.964756238,0.985197054,1,0.392406617,0.997343993,0.051805533,-0.009975821,0.410578233,N,N,N,esv_44,Otu00044,Bacteria(100),Proteobacteria,Alphaproteobacteria,Rhodobacterales,Rhodobacteraceae,Thalassobius,,NA,NA,NA,
Otu00420,Otu00420,0.96886345,0.994359856,0.058534254,0.254205904,0.201015878,0.825289484,0.046377829,2.205291664,1.334462423,N,N,N,esv_442,Otu00420,Bacteria(100),Proteobacteria,Gammaproteobacteria,Alteromonadales,Colwelliaceae,Thalassotalea,,NA,NA,NA,
Otu00047,Otu00047,0.279496658,0.65402218,0.630302239,0.931163267,0.811048329,0.997343993,-1.302601138,-0.564150024,0.248810241,N,N,N,esv_47,Otu00047,Bacteria(100),Proteobacteria,Alphaproteobacteria,Puniceispirillales,SAR116_clade,SAR116_clade_ge,,NA,NA,NA,
Otu00445,Otu00445,0.70960751,0.912352513,0.590187556,0.931163267,0.971055183,0.997343993,-0.704288439,-1.015562507,0.061030694,N,N,N,esv_470,Otu00445,Bacteria(100),Proteobacteria,Alphaproteobacteria,Rhodobacterales,Rhodobacteraceae,Rhodobacteraceae_unclassified,,NA,NA,NA,
Otu00449,Otu00449,0.735981466,0.925139962,0.260929188,0.717552218,0.499877501,0.997343993,0.299262414,-1.002495479,-0.528345619,N,N,N,esv_475,Otu00449,Bacteria(100),Proteobacteria,Gammaproteobacteria,Alteromonadales,Alteromonadaceae,Alteromonadaceae_unclassified,,NA,NA,NA,
Otu00458,Otu00458,0.484468554,0.801717483,0.643071801,0.931163267,0.945523481,0.997343993,-1.297483893,-0.854455863,-0.11245222,N,N,N,esv_485,Otu00458,Bacteria(100),Proteobacteria,Gammaproteobacteria,Alteromonadales,Alteromonadaceae,Alteromonadaceae_unclassified,,NA,NA,NA,
Otu00005,Otu00005,0.254519407,0.630825576,0.64164556,0.931163267,0.143018709,0.645113309,-0.664200886,-0.263424415,-0.739128364,N,N,N,esv_5,Otu00005,Bacteria(100),Cyanobacteria,Oxyphotobacteria,Synechococcales,Cyanobiaceae,Prochlorococcus_MIT9313,,NA,NA,NA,
Otu00481,Otu00481,0.682181725,0.886836243,0.673117343,0.931163267,0.349942162,0.997343993,-0.39442347,0.397228702,0.783870375,N,N,N,esv_510,Otu00481,Bacteria(100),Proteobacteria,Gammaproteobacteria,Alteromonadales,Colwelliaceae,Thalassotalea,,NA,NA,NA,
Otu00053,Otu00053,0.131842038,0.482047452,0.448518815,0.816754226,0.245227134,0.887488676,-1.463526698,-0.730306325,-1.000626189,N,N,N,esv_53,Otu00053,Bacteria(99),Proteobacteria,Proteobacteria_unclassified,Proteobacteria_unclassified,Proteobacteria_unclassified,Proteobacteria_unclassified,,NA,NA,NA,
Otu00499,Otu00499,0.887942458,0.964756238,0.950446883,0.999312469,0.735571707,0.997343993,-0.278912882,-0.122559524,0.594821806,N,N,N,esv_530,Otu00499,Bacteria(100),Proteobacteria,Alphaproteobacteria,Rhodobacterales,Rhodobacteraceae,Rhodobacteraceae_unclassified,,NA,NA,NA,
Otu00500,Otu00500,0.547176065,0.81361252,0.731878096,0.931163267,0.967884355,0.997343993,-0.744601537,0.41450205,0.043516401,N,N,N,esv_531,Otu00500,Bacteria(100),Proteobacteria,Alphaproteobacteria,Rhodobacterales,Rhodobacteraceae,Rhodobacteraceae_unclassified,,NA,NA,NA,
Otu00511,Otu00511,0.141436303,0.495008674,0.0772883,0.309153198,0.801554462,0.997343993,3.283725883,3.940992598,0.502795216,N,N,N,esv_544,Otu00511,Bacteria(100),Proteobacteria,Gammaproteobacteria,Oceanospirillales,Nitrincolaceae,Amphritea,,NA,NA,NA,
Otu00055,Otu00055,0.8892631,0.964756238,0.553516393,0.931163267,0.237890279,0.881934693,0.337921255,1.432082128,2.550123688,N,N,N,esv_55,Otu00055,Archaea(100),Euryarchaeota,Thermoplasmata,Marine_Group_II,Marine_Group_II_fa,Marine_Group_II_ge,,NA,NA,NA,
Otu00056,Otu00056,0.994777655,0.994777655,0.684026074,0.931163267,0.715020096,0.997343993,-0.003071832,-0.188975125,-0.150888952,N,N,N,esv_56,Otu00056,Bacteria(100),Proteobacteria,Alphaproteobacteria,Rhodobacterales,Rhodobacteraceae,Rhodobacteraceae_unclassified,,NA,NA,NA,
Otu00057,Otu00057,0.052533611,0.292687261,0.635196916,0.931163267,0.390176433,0.997343993,1.72636128,0.422569663,-0.685064922,N,N,N,esv_57,Otu00057,Bacteria(100),Bacteroidetes,Bacteroidia,Flavobacteriales,Flavobacteriaceae,NS5_marine_group,,NA,NA,NA,
Otu00006,Otu00006,0.110136451,0.429532159,0.736699552,0.931163267,0.598027905,0.997343993,1.030547516,-0.216913624,-0.30406563,N,N,N,esv_6,Otu00006,Bacteria(100),Bacteroidetes,Bacteroidia,Flavobacteriales,Flavobacteriaceae,NS5_marine_group,,NA,NA,NA,
Otu00060,Otu00060,0.516154525,0.805201058,0.350843526,0.78423847,0.907415819,0.997343993,-0.447017393,-0.64075447,-0.07133124,N,N,N,esv_60,Otu00060,Bacteria(100),Proteobacteria,Alphaproteobacteria,Rhodobacterales,Rhodobacteraceae,Rhodobacteraceae_unclassified,,NA,NA,NA,
Otu00565,Otu00565,0.649551613,0.85390493,0.308233446,0.766136119,0.996241349,0.997343993,-0.955151837,-2.142812125,0.008786852,N,N,N,esv_606,Otu00565,Bacteria(80),Bacteria_unclassified,Bacteria_unclassified,Bacteria_unclassified,Bacteria_unclassified,Bacteria_unclassified,,NA,NA,NA,
Otu00061,Otu00061,0.768193485,0.938466661,0.213893055,0.663330615,0.93315279,0.997343993,0.136766329,-0.574381409,-0.034403425,N,N,N,esv_61,Otu00061,Bacteria(100),Proteobacteria,Alphaproteobacteria,Rhodobacterales,Rhodobacteraceae,Rhodobacteraceae_unclassified,,NA,NA,NA,
Otu00571,Otu00571,0.010520227,0.087919044,0.704651621,0.931163267,0.435863223,0.997343993,-8.752198579,-1.177065438,-2.164500881,N,N,N,esv_613,Otu00571,Bacteria(100),Proteobacteria,Gammaproteobacteria,Cellvibrionales,Halieaceae,OM60,,NA,NA,NA,100)
Otu00063,Otu00063,0.214147779,0.596554528,0.231592885,0.682236431,0.816111322,0.997343993,-2.261509895,-2.156327042,-0.372550617,N,N,N,esv_63,Otu00063,Bacteria(100),Proteobacteria,Alphaproteobacteria,Puniceispirillales,SAR116_clade,SAR116_clade_ge,,NA,NA,NA,
Otu00585,Otu00585,0.885780265,0.964756238,0.944044539,0.999312469,0.681968695,0.997343993,-0.451292184,-0.220119966,-1.149618959,N,N,N,esv_630,Otu00585,Bacteria(100),Proteobacteria,Alphaproteobacteria,Rhodobacterales,Rhodobacteraceae,Rhodobacteraceae_unclassified,,NA,NA,NA,
Otu00589,Otu00589,0.237711565,0.630825576,0.139861173,0.494392982,0.847547879,0.997343993,2.63041571,3.285944344,0.383271309,N,N,N,esv_634,Otu00589,Bacteria(100),Proteobacteria,Gammaproteobacteria,Oceanospirillales,Nitrincolaceae,Amphritea,,NA,NA,NA,
Otu00067,Otu00067,0.85709616,0.964756238,0.719302851,0.931163267,0.806897141,0.997343993,-0.358346019,0.709122337,0.431167957,N,N,N,esv_67,Otu00067,Bacteria(100),Proteobacteria,Alphaproteobacteria,Rhodobacterales,Rhodobacteraceae,Rhodobacteraceae_unclassified,,NA,NA,NA,
Otu00007,Otu00007,0.986137706,0.994638893,0.264265643,0.717552218,0.668065434,0.997343993,-0.013377915,0.839190484,-0.289178671,N,N,N,esv_7,Otu00007,Bacteria(100),Proteobacteria,Gammaproteobacteria,Oceanospirillales,Saccharospirillaceae,Reinekea,,NA,NA,NA,
Otu00664,Otu00664,0.56934306,0.815004967,0.091414078,0.347373495,0.434392925,0.997343993,0.719394142,2.119640156,0.878795505,N,N,N,esv_727,Otu00664,Bacteria(100),Proteobacteria,Gammaproteobacteria,Alteromonadales,Alteromonadaceae,Aestuariibacter,,NA,NA,NA,
Otu00721,Otu00721,0.618028945,0.831501556,0.371764486,0.807260026,0.369510813,0.997343993,1.249011395,2.233049307,2.006794233,N,N,N,esv_796,Otu00721,Bacteria(100),Proteobacteria,Gammaproteobacteria,Alteromonadales,Pseudoalteromonadaceae,Psychrosphaera,,NA,NA,NA,
Otu00083,Otu00083,0.202430477,0.577667459,0.280381384,0.722338482,0.676291133,0.997343993,-1.579899549,-1.309131447,-0.448378004,N,N,N,esv_83,Otu00083,Bacteria(100),Proteobacteria,Alphaproteobacteria,Puniceispirillales,SAR116_clade,SAR116_clade_ge,,NA,NA,NA,
Otu00801,Otu00801,0.573541171,0.815004967,0.449648864,0.816754226,0.518618424,0.997343993,1.13423132,-1.533110403,-1.16460734,N,N,N,esv_894,Otu00801,Bacteria(100),Proteobacteria,Gammaproteobacteria,Alteromonadales,Alteromonadaceae,Alteromonadaceae_unclassified,,NA,NA,NA,
Otu00818,Otu00818,0.958696697,0.992632864,0.399885271,0.816754226,0.759366061,0.997343993,0.067837716,1.08987187,0.354811458,N,N,N,esv_911,Otu00818,Bacteria(100),Proteobacteria,Gammaproteobacteria,Alteromonadales,Alteromonadaceae,Alteromonadaceae_unclassified,,NA,NA,NA,
Otu00093,Otu00093,0.870587566,0.964756238,0.349905889,0.78423847,0.861376924,0.997343993,0.141511494,0.807787887,0.13497413,N,N,N,esv_93,Otu00093,Bacteria(100),Proteobacteria,Alphaproteobacteria,Rhodobacterales,Rhodobacteraceae,Leisingera,,NA,NA,NA,
Otu00862,Otu00862,0.743274841,0.925139962,0.340639148,0.78423847,0.312131222,0.997343993,0.438494487,1.258206435,1.192333004,N,N,N,esv_967,Otu00862,Bacteria(100),Bacteroidetes,Bacteroidia,Cytophagales,Flammeovirgaceae,Flammeovirga,,NA,NA,NA,
Otu00988,Otu00988,0.74636983,NA,0.70482918,0.931163267,0.924593848,0.997343993,-0.635916566,-0.738271156,-0.164126611,NA,N,N,esv_1120,Otu00988,Bacteria(100),Proteobacteria,Alphaproteobacteria,Rhodobacterales,Rhodobacteraceae,Rhodobacteraceae_unclassified,,NA,NA,NA,
Otu01139,Otu01139,0.393294685,NA,0.799381085,0.941906395,0.69695066,0.997343993,-1.741397685,0.501820981,0.686723658,NA,N,N,esv_1307,Otu01139,Bacteria(100),Proteobacteria,Gammaproteobacteria,Alteromonadales,Alteromonadaceae,Aestuariibacter,,NA,NA,NA,
Otu01163,Otu01163,0.738731201,NA,0.850171287,0.959420103,0.75222761,0.997343993,-0.847291607,-0.476962989,-0.712268553,NA,N,N,esv_1338,Otu01163,Bacteria(100),Proteobacteria,Gammaproteobacteria,Alteromonadales,Alteromonadaceae,Agaribacter,,NA,NA,NA,
Otu01258,Otu01258,0.454062573,NA,0.014212197,0.090010579,0.224478603,0.853679818,-2.301468018,-8.253191608,-3.32275586,NA,N,N,esv_1455,Otu01258,Bacteria(100),Proteobacteria,Gammaproteobacteria,Alteromonadales,Alteromonadaceae,Agaribacter,,NA,NA,NA,
Otu01307,Otu01307,0.37359328,NA,0.161700061,0.546186871,0.109325776,0.536048968,1.720813377,2.670910972,2.734310686,NA,N,N,esv_1516,Otu01307,Bacteria(100),Proteobacteria,Gammaproteobacteria,Cellvibrionales,Cellvibrionaceae,Umboniibacter,,NA,NA,NA,
Otu00016,Otu00016,0.084113785,NA,0.062408314,0.26350177,0.022378815,0.161979995,-7.309673984,-7.885317528,-8.56105159,NA,N,N,esv_16,Otu00016,Bacteria(100),Proteobacteria,Alphaproteobacteria,SAR11_clade,Clade_I,Clade_Ib,,NA,NA,NA,
Otu01459,Otu01459,1,NA,1,1,0.009530718,0.085215831,0,0,9.115324903,NA,N,N,esv_1721,Otu01459,Bacteria(100),Bacteroidetes,Bacteroidia,Flavobacteriales,Flavobacteriaceae,Flavobacteriaceae_unclassified,,NA,NA,NA,
Otu00184,Otu00184,0.128209308,NA,0.94124406,0.999312469,0.041733055,0.245692049,-6.706807263,-0.307467432,-7.958212965,NA,N,N,esv_185,Otu00184,Bacteria(100),Proteobacteria,Alphaproteobacteria,Rhodobacterales,Rhodobacteraceae,Rhodobacteraceae_unclassified,,NA,NA,NA,
Otu01581,Otu01581,0.94218662,NA,0.987762129,1,0.837917819,0.997343993,-0.193433094,0.040729851,-0.485664221,NA,N,N,esv_1867,Otu01581,Bacteria(100),Proteobacteria,Gammaproteobacteria,Alteromonadales,Alteromonadaceae,Alteromonadaceae_unclassified,,NA,NA,NA,
Otu01761,Otu01761,0.145107536,NA,0.990433086,1,0.890414111,0.997343993,-6.424341855,-0.050024234,-0.514027354,NA,N,N,esv_2101,Otu01761,Bacteria(100),Bacteroidetes,Bacteroidia,Flavobacteriales,Cryomorphaceae,uncultured,,NA,NA,NA,
Otu00022,Otu00022,0.365939696,NA,0.488133742,0.8431401,0.648404756,0.997343993,-1.110210692,-0.829830397,0.481767804,NA,N,N,esv_22,Otu00022,Bacteria(100),Proteobacteria,Alphaproteobacteria,Puniceispirillales,SAR116_clade,SAR116_clade_unclassified,,NA,NA,NA,
Otu00222,Otu00222,0.040311313,NA,0.02760071,0.145811281,0.374792855,0.997343993,-7.749039373,-8.324643028,-2.78043979,NA,N,N,esv_225,Otu00222,Bacteria(100),Bacteroidetes,Bacteroidia,Flavobacteriales,Flavobacteriaceae,Flavobacteriaceae_unclassified,,NA,NA,NA,
Otu00023,Otu00023,0.342685596,NA,0.479321637,0.837435504,0.578712994,0.997343993,-1.174800125,-0.857240258,-0.597667688,NA,N,N,esv_23,Otu00023,Bacteria(100),Actinobacteria,Acidimicrobiia,Actinomarinales,Actinomarinaceae,Candidatus_Actinomarina,,NA,NA,NA,
Otu00356,Otu00356,0.67219844,NA,0.639135316,0.931163267,0.897172146,0.997343993,-0.811495951,-0.889485134,0.217578411,NA,N,N,esv_369,Otu00356,Bacteria(100),Proteobacteria,Alphaproteobacteria,Rhizobiales,Stappiaceae,Labrenzia,,NA,NA,NA,
Otu00395,Otu00395,0.447127641,NA,0.619438857,0.931163267,0.684209462,0.997343993,-1.062575938,0.67011076,0.490079667,NA,N,N,esv_413,Otu00395,Bacteria(100),Proteobacteria,Alphaproteobacteria,Rhodobacterales,Rhodobacteraceae,Rhodobacteraceae_unclassified,,NA,NA,NA,
Otu00423,Otu00423,0.964407861,NA,0.727567182,0.931163267,0.792753593,0.997343993,0.115197523,-0.898855182,0.60341746,NA,N,N,esv_446,Otu00423,Bacteria(100),Proteobacteria,Alphaproteobacteria,Rhodobacterales,Rhodobacteraceae,Rhodobacteraceae_unclassified,,NA,NA,NA,
Otu00455,Otu00455,0.429000417,NA,0.906736764,0.996338958,0.328824926,0.997343993,-0.864357981,-0.124267665,-0.92669588,NA,N,N,esv_482,Otu00455,Bacteria(100),Proteobacteria,Alphaproteobacteria,Rhodobacterales,Rhodobacteraceae,Rhodobacteraceae_unclassified,,NA,NA,NA,
Otu00507,Otu00507,0.561886643,NA,0.410315679,0.816754226,0.771489738,0.997343993,-1.45997772,-2.061429117,-0.643812981,NA,N,N,esv_539,Otu00507,Bacteria(100),Proteobacteria,Alphaproteobacteria,Rhodobacterales,Rhodobacteraceae,Rhodobacteraceae_unclassified,,NA,NA,NA,
Otu00508,Otu00508,0.872360753,NA,0.053469628,0.23904069,0.911288985,0.997343993,-0.553377131,-7.178294271,-0.341839676,NA,N,N,esv_540,Otu00508,Bacteria(100),Proteobacteria,Alphaproteobacteria,Alphaproteobacteria_unclassified,Alphaproteobacteria_unclassified,Alphaproteobacteria_unclassified,,NA,NA,NA,
Otu00604,Otu00604,0.503192583,NA,0.452379755,0.816754226,0.981380033,0.997343993,-1.318872691,-1.465148706,0.040340127,NA,N,N,esv_651,Otu00604,Bacteria(100),Proteobacteria,Alphaproteobacteria,Rhodospirillales,Terasakiellaceae,Terasakiella,,NA,NA,NA,
Otu00610,Otu00610,0.943768051,NA,0.786110524,0.941906395,0.993804688,0.997343993,-0.140672059,-0.539293234,-0.013759769,NA,N,N,esv_658,Otu00610,Bacteria(100),Proteobacteria,Alphaproteobacteria,Rhodobacterales,Rhodobacteraceae,Rhodobacteraceae_unclassified,,NA,NA,NA,
Otu00626,Otu00626,0.520280303,NA,0.01802943,0.109618936,0.37422984,0.997343993,-2.067769953,-8.279883864,-2.542769707,NA,N,N,esv_678,Otu00626,Bacteria(100),Proteobacteria,Gammaproteobacteria,Oceanospirillales,Nitrincolaceae,Neptuniibacter,,NA,NA,NA,
Otu00687,Otu00687,0.757426596,NA,0.635026893,0.931163267,0.555627552,0.997343993,-0.444666493,0.670576067,-0.74704331,NA,N,N,esv_755,Otu00687,Bacteria(100),Proteobacteria,Alphaproteobacteria,Rhodobacterales,Rhodobacteraceae,Rhodobacteraceae_unclassified,,NA,NA,NA,
Otu00079,Otu00079,0.699937347,NA,0.69758035,0.931163267,0.465314166,0.997343993,-0.993641695,-0.996162738,-1.673393498,NA,N,N,esv_79,Otu00079,Bacteria(100),Proteobacteria,Gammaproteobacteria,Oceanospirillales,Oleiphilaceae,Oleiphilus,,NA,NA,NA,
Otu00731,Otu00731,0.59921988,NA,0.412414532,0.816754226,0.732840122,0.997343993,-0.798822042,-1.233271486,-0.453786534,NA,N,N,esv_811,Otu00731,Bacteria(100),Proteobacteria,Gammaproteobacteria,Oceanospirillales,Nitrincolaceae,Marinobacterium,,NA,NA,NA,
Otu00746,Otu00746,0.468922173,NA,0.454797502,0.816754226,0.657161332,0.997343993,-1.399097676,-1.428741156,-0.754133632,NA,N,N,esv_830,Otu00746,Bacteria(100),Proteobacteria,Gammaproteobacteria,Alteromonadales,Alteromonadaceae,Alteromonadaceae_unclassified,,NA,NA,NA,
Otu00754,Otu00754,0.621815031,NA,0.925652444,0.999312469,0.82970129,0.997343993,-1.278808689,-0.23894364,-0.492098777,NA,N,N,esv_839,Otu00754,Bacteria(100),Proteobacteria,Gammaproteobacteria,Alteromonadales,Alteromonadaceae,Aestuariibacter,,NA,NA,NA,
Otu00847,Otu00847,0.73632497,NA,0.966440348,0.999312469,0.388606503,0.997343993,-1.049063959,-0.130324896,-2.396139123,NA,N,N,esv_946,Otu00847,Bacteria(100),Proteobacteria,Alphaproteobacteria,Rhodobacterales,Rhodobacteraceae,Rhodobacteraceae_unclassified,,NA,NA,NA,
Otu00095,Otu00095,0.055816846,NA,0.039461197,0.187440685,0.596795321,0.997343993,-7.497171525,-8.072758528,-1.727314231,NA,N,N,esv_95,Otu00095,Bacteria(100),Proteobacteria,Gammaproteobacteria,Cellvibrionales,Halieaceae,OM60,,NA,NA,NA,96)
Otu01027,Otu01027,NA,NA,NA,NA,NA,NA,-1.88848212,-7.94023067,-2.034125724,NA,NA,NA,esv_1170,Otu01027,Bacteria(100),Proteobacteria,Gammaproteobacteria,Alteromonadales,Alteromonadaceae,Alteromonadaceae_unclassified,,NA,NA,NA,
Otu00251,Otu00251,NA,NA,NA,NA,NA,NA,3.060033823,3.374630513,-1.262531859,NA,NA,NA,esv_254,Otu00251,Bacteria(100),Proteobacteria,Gammaproteobacteria,Oceanospirillales,Nitrincolaceae,Marinobacterium,,NA,NA,NA,
Otu00334,Otu00334,NA,NA,NA,NA,NA,NA,1.747807596,2.125371669,-0.466164781,NA,NA,NA,esv_343,Otu00334,Bacteria(100),Proteobacteria,Alphaproteobacteria,Rhodobacterales,Rhodobacteraceae,Rhodobacteraceae_unclassified,,NA,NA,NA,
Otu00590,Otu00590,NA,NA,NA,NA,NA,NA,0.405261262,3.449498837,0.913961921,NA,NA,NA,esv_635,Otu00590,Bacteria(100),Proteobacteria,Gammaproteobacteria,Oceanospirillales,Nitrincolaceae,uncultured,,NA,NA,NA,
Otu00660,Otu00660,NA,NA,NA,NA,NA,NA,24.67753244,25.18636193,20.43224732,NA,NA,NA,esv_720,Otu00660,Bacteria(100),Proteobacteria,Gammaproteobacteria,Oceanospirillales,Nitrincolaceae,Amphritea,,NA,NA,NA,
Otu00682,Otu00682,NA,NA,NA,NA,NA,NA,-1.125497312,-7.505249022,-1.095319913,NA,NA,NA,esv_749,Otu00682,Bacteria(100),Proteobacteria,Gammaproteobacteria,Oceanospirillales,Nitrincolaceae,Nitrincolaceae_unclassified,,NA,NA,NA,
Otu00886,Otu00886,NA,NA,NA,NA,NA,NA,10.86560394,10.16269518,8.202090458,NA,NA,NA,esv_993,Otu00886,Bacteria(100),Proteobacteria,Gammaproteobacteria,Alteromonadales,Alteromonadaceae,Alteromonas,,NA,NA,NA,
Otu00368,Otu00368,0.181157241,0.529884931,0.050265573,0.231526274,0.002520021,0.029464859,0.927913394,-1.38182967,1.855013862,N,N,Y,esv_383,Otu00368,Bacteria(100),Proteobacteria,Gammaproteobacteria,Alteromonadales,Alteromonadaceae,Alteromonadaceae_unclassified,,NA,NA,NA,
Otu00457,Otu00457,0.49958384,0.805201058,0.777245096,0.941906395,4.98E-06,0.000151366,-1.195502441,0.494594853,-8.927337169,N,N,Y,esv_484,Otu00457,Bacteria(100),Proteobacteria,Alphaproteobacteria,Rhodobacterales,Rhodobacteraceae,Rhodobacteraceae_unclassified,,NA,NA,NA,
Otu00686,Otu00686,0.88283318,0.964756238,0.217563022,0.663330615,0.002015462,0.02552918,0.234359488,1.952445776,-4.511709297,N,N,Y,esv_753,Otu00686,Bacteria(100),Proteobacteria,Gammaproteobacteria,Alteromonadales,Alteromonadaceae,Alteromonas,,NA,NA,NA,
Otu00327,Otu00327,0.023926606,NA,0.010912926,0.075398398,0.003796493,0.038471134,7.309356596,8.193753569,8.464131894,NA,N,Y,esv_336,Otu00327,Archaea(100),Euryarchaeota,Thermoplasmata,Marine_Group_II,Marine_Group_II_fa,Marine_Group_II_ge,,NA,NA,NA,
Otu00476,Otu00476,0.841582623,NA,0.73664083,0.931163267,0.003390959,0.036816121,-0.575524572,0.963578486,-8.258405214,NA,N,Y,esv_505,Otu00476,Bacteria(100),Proteobacteria,Alphaproteobacteria,Rhodobacterales,Rhodobacteraceae,Rhodobacteraceae_unclassified,,NA,NA,NA,
Otu00101,Otu00101,0.012817163,0.099973871,0.00016543,0.002285941,0.037030354,0.234525577,2.185078263,3.294200193,1.633946032,N,Y,N,esv_101,Otu00101,Bacteria(100),Bacteroidetes,Bacteroidia,Chitinophagales,Saprospiraceae,uncultured,,NA,NA,NA,
Otu00181,Otu00181,0.326719585,0.69627657,0.004931347,0.035693556,0.198861799,0.825289484,0.777679188,2.221388853,0.908460509,N,Y,N,esv_182,Otu00181,Bacteria(100),Proteobacteria,Alphaproteobacteria,Rhodobacterales,Rhodobacteraceae,Rhodobacteraceae_unclassified,,NA,NA,NA,
Otu00027,Otu00027,0.1504692,0.502997039,9.20E-05,0.001748299,0.042026272,0.245692049,-0.714321143,-1.943918868,-0.898704378,N,Y,N,esv_27,Otu00027,Bacteria(100),Proteobacteria,Gammaproteobacteria,Oceanospirillales,Litoricolaceae,Litoricola,,NA,NA,NA,
Otu00410,Otu00410,0.166684988,0.520079901,2.21E-05,0.000561011,0.613155076,0.997343993,-1.991835073,-8.511628793,-0.632952773,N,Y,N,esv_432,Otu00410,Bacteria(100),Bacteroidetes,Bacteroidia,Flavobacteriales,Flavobacteriaceae,Kordia,,NA,NA,NA,
Otu00480,Otu00480,0.143848674,0.495008674,0.000136556,0.002075657,0.414884948,0.997343993,2.222815497,5.766700401,1.107160047,N,Y,N,esv_509,Otu00480,Bacteria(100),Bacteroidetes,Bacteroidia,Flavobacteriales,Cryomorphaceae,Phaeocystidibacter,,NA,NA,NA,
Otu00649,Otu00649,0.007248164,0.065233476,0.004138674,0.034948803,0.000761965,0.011581861,1.985756711,2.101911452,2.205220625,N,Y,Y,esv_707,Otu00649,Bacteria(100),Proteobacteria,Gammaproteobacteria,Alteromonadales,Colwelliaceae,Thalassotalea,,NA,NA,NA,
Otu00075,Otu00075,0.01594191,0.116575213,0.000473393,0.005535059,0.007168347,0.068099299,2.552530067,3.699294535,2.545924273,N,Y,N,esv_75,Otu00075,Bacteria(100),Proteobacteria,Gammaproteobacteria,Alteromonadales,Pseudoalteromonadaceae,Pseudoalteromonas,,NA,NA,NA,
Otu00085,Otu00085,0.027351902,0.168430135,0.000318603,0.004035638,0.023968773,0.163719978,1.965130057,3.203074746,1.797279721,N,Y,N,esv_85,Otu00085,Bacteria(100),Proteobacteria,Gammaproteobacteria,Alteromonadales,Pseudoalteromonadaceae,Pseudoalteromonas,,NA,NA,NA,
Otu00802,Otu00802,0.592365356,0.825080317,7.32E-12,5.56E-10,0.59169621,0.997343993,1.328142611,-19.63555197,1.188804472,N,Y,N,esv_895,Otu00802,Bacteria(100),Proteobacteria,Deltaproteobacteria,Bdellovibrionales,Bdellovibrionaceae,OM27_clade,,NA,NA,NA,
Otu00009,Otu00009,0.077721415,0.394038388,0.000669663,0.007270622,0.802801862,0.997343993,-1.293968348,-2.496030483,0.162912968,N,Y,N,esv_9,Otu00009,Bacteria(100),Proteobacteria,Gammaproteobacteria,Betaproteobacteriales,Methylophilaceae,OM43_clade,,NA,NA,NA,
Otu01012,Otu01012,0.73087028,NA,0.001540826,0.015381298,0.728740363,0.997343993,-0.587243215,-6.975738423,0.518289667,NA,Y,N,esv_1151,Otu01012,Bacteria(100),Proteobacteria,Gammaproteobacteria,Alteromonadales,Alteromonadaceae,Alteromonadaceae_unclassified,,NA,NA,NA,
Otu01023,Otu01023,0.689137367,NA,0.001619084,0.015381298,0.873967671,0.997343993,-0.687454186,-6.963518469,0.238381381,NA,Y,N,esv_1165,Otu01023,Bacteria(100),Proteobacteria,Gammaproteobacteria,Alteromonadales,Alteromonadaceae,Alteromonadaceae_unclassified,,NA,NA,NA,
Otu00419,Otu00419,0.638303877,NA,0.004847685,0.035693556,0.671301036,0.997343993,-1.158221028,-7.988865898,-0.928714273,NA,Y,N,esv_441,Otu00419,Bacteria(100),Proteobacteria,Gammaproteobacteria,Oceanospirillales,Litoricolaceae,Litoricola,,NA,NA,NA,
Otu00823,Otu00823,0.008532078,NA,0.003487207,0.031179732,0.001711929,0.023655739,8.24000674,9.123083651,8.911697244,NA,Y,Y,esv_918,Otu00823,Bacteria(100),Proteobacteria,Gammaproteobacteria,Alteromonadales,Pseudoalteromonadaceae,Pseudoalteromonas,,NA,NA,NA,
Otu01224,Otu01224,4.02E-08,1.57E-06,1.58E-09,6.00E-08,7.13E-07,2.71E-05,9.847232822,10.79266169,8.36232019,Y,Y,Y,esv_1412,Otu01224,Bacteria(100),Proteobacteria,Gammaproteobacteria,Alteromonadales,Pseudoalteromonadaceae,Pseudoalteromonas,,NA,NA,NA,
Otu01296,Otu01296,4.39E-05,0.000856922,2.04E-05,0.000561011,0.000270615,0.005141682,10.04404043,10.45934919,8.232520837,Y,Y,Y,esv_1505,Otu01296,Bacteria(100),Proteobacteria,Gammaproteobacteria,Alteromonadales,Pseudoalteromonadaceae,Pseudoalteromonas,,NA,NA,NA,
Otu00179,Otu00179,1.03E-07,3.03E-06,0.253308074,0.717552218,4.77E-13,3.63E-11,-8.977840531,1.002252708,-10.22923634,Y,N,Y,esv_180,Otu00179,Bacteria(100),Proteobacteria,Gammaproteobacteria,Alteromonadales,Alteromonadaceae,Alteromonadaceae_unclassified,,NA,NA,NA,
Otu00195,Otu00195,0.001258594,0.013386864,0.00011485,0.00193969,0.024773418,0.163719978,1.369049784,1.622337073,0.845563362,Y,Y,N,esv_196,Otu00195,Bacteria(100),Proteobacteria,Gammaproteobacteria,Alteromonadales,Alteromonadaceae,Alteromonas,,NA,NA,NA,
Otu00002,Otu00002,0.000259466,0.004336786,3.29E-05,0.000715469,0.014234278,0.120200566,1.292770944,1.468968919,0.775714091,Y,Y,N,esv_2,Otu00002,Bacteria(100),Proteobacteria,Gammaproteobacteria,Alteromonadales,Alteromonadaceae,Alteromonas,,NA,NA,NA,
Otu00277,Otu00277,0.000346877,0.005073071,0.019624727,0.110479945,0.000605097,0.010219414,1.820452043,1.183562608,1.550819102,Y,N,Y,esv_281,Otu00277,Bacteria(100),Bacteroidetes,Bacteroidia,Flavobacteriales,Flavobacteriaceae,uncultured,,NA,NA,NA,
Otu00322,Otu00322,1.10E-09,6.42E-08,4.52E-11,2.29E-09,4.36E-11,2.21E-09,22.86585664,24.67060057,22.36474822,Y,Y,Y,esv_329,Otu00322,Bacteria(100),Bacteroidetes,Bacteroidia,Chitinophagales,Saprospiraceae,uncultured,,NA,NA,NA,
Otu00048,Otu00048,1.82E-05,0.00042511,0.10415336,0.386129529,1.01E-05,0.000257098,1.560964377,0.591538296,1.434128075,Y,N,Y,esv_48,Otu00048,Bacteria(100),Proteobacteria,Gammaproteobacteria,Alteromonadales,Alteromonadaceae,Aestuariibacter,,NA,NA,NA,
Otu00058,Otu00058,0.005013697,0.048883543,0.586847741,0.931163267,0.055690751,0.302512595,-2.52361206,-0.482066258,-1.518716588,Y,N,N,esv_58,Otu00058,Bacteria(100),Bacteroidetes,Bacteroidia,Flavobacteriales,NS9_marine_group,NS9_marine_group_ge,,NA,NA,NA,
Otu00008,Otu00008,0.001105909,0.012939139,0.004601542,0.035693556,0.020240163,0.153825239,-1.15038439,-0.99083639,-0.723915892,Y,Y,N,esv_8,Otu00008,Bacteria(100),Proteobacteria,Gammaproteobacteria,Cellvibrionales,Halieaceae,OM60,,NA,NA,NA,97)
Otu00734,Otu00734,7.26E-25,8.50E-23,2.05E-24,3.11E-22,1.84E-22,2.80E-20,25.79903195,25.54192061,22.46096177,Y,Y,Y,esv_814,Otu00734,Bacteria(100),Proteobacteria,Gammaproteobacteria,Alteromonadales,Alteromonadaceae,Alteromonadaceae_unclassified,,NA,NA,NA,
Otu00853,Otu00853,0.000522963,0.006798514,1,1,3.52E-05,0.000765194,9.519537909,0,10.36647892,Y,N,Y,esv_955,Otu00853,Bacteria(100),Proteobacteria,Gammaproteobacteria,Alteromonadales,Pseudoalteromonadaceae,Pseudoalteromonas,,NA,NA,NA,
,,,,,,,,,,,heated.sig,bleached.sig,bleached.heated.sig,,,,,,,,,,,,,
