filename	ATTRIBUTE_SampleID	ATTRIBUTE_SampleName	ATTRIBUTE_PPL_LOT_Number	ATTRIBUTE_PPL_Box_Number	ATTRIBUTE_Experiment	ATTRIBUTE_SampleType	ATTRIBUTE_SampleVolume	ATTRIBUTE_Contact
KB_2020_01.mzML					Kbay			
KB_2020_03.mzML					Kbay			
KB_2020_04.mzML					Kbay			
KB_2020_05.mzML					Kbay			
KB_2020_06.mzML					Kbay			
KB_2020_07.mzML					Kbay			
KB_2020_08.mzML					Kbay			
KB_2020_100.mzML					Kbay			
KB_2020_101.mzML					Kbay			
KB_2020_102.mzML					Kbay			
KB_2020_103.mzML					Kbay			
KB_2020_104.mzML					Kbay			
KB_2020_105.mzML					Kbay			
KB_2020_106.mzML					Kbay			
KB_2020_107.mzML					Kbay			
KB_2020_108.mzML					Kbay			
KB_2020_109.mzML					Kbay			
KB_2020_11.mzML					Kbay			
KB_2020_110.mzML					Kbay			
KB_2020_111.mzML					Kbay			
KB_2020_112.mzML					Kbay			
KB_2020_113.mzML					Kbay			
KB_2020_114.mzML					Kbay			
KB_2020_115.mzML					Kbay			
KB_2020_117.mzML					Kbay			
KB_2020_118.mzML					Kbay			
KB_2020_119.mzML					Kbay			
KB_2020_12.mzML					Kbay			
KB_2020_120.mzML					Kbay			
KB_2020_121.mzML					Kbay			
KB_2020_122.mzML					Kbay			
KB_2020_123.mzML					Kbay			
KB_2020_124.mzML					Kbay			
KB_2020_125.mzML					Kbay			
KB_2020_126.mzML					Kbay			
KB_2020_127.mzML					Kbay			
KB_2020_128.mzML					Kbay			
KB_2020_129.mzML					Kbay			
KB_2020_13.mzML					Kbay			
KB_2020_130.mzML					Kbay			
KB_2020_131.mzML					Kbay			
KB_2020_132.mzML					Kbay			
KB_2020_133.mzML					Kbay			
KB_2020_134.mzML					Kbay			
KB_2020_135.mzML					Kbay			
KB_2020_136.mzML					Kbay			
KB_2020_137.mzML					Kbay			
KB_2020_138.mzML					Kbay			
KB_2020_139.mzML					Kbay			
KB_2020_14.mzML					Kbay			
KB_2020_140.mzML					Kbay			
KB_2020_141.mzML					Kbay			
KB_2020_142.mzML					Kbay			
KB_2020_143.mzML					Kbay			
KB_2020_144.mzML					Kbay			
KB_2020_145.mzML					Kbay			
KB_2020_146.mzML					Kbay			
KB_2020_147.mzML					Kbay			
KB_2020_148.mzML					Kbay			
KB_2020_149.mzML					Kbay			
KB_2020_150.mzML					Kbay			
KB_2020_151.mzML					Kbay			
KB_2020_152.mzML					Kbay			
KB_2020_153.mzML					Kbay			
KB_2020_154.mzML					Kbay			
KB_2020_155.mzML					Kbay			
KB_2020_156.mzML					Kbay			
KB_2020_157.mzML					Kbay			
KB_2020_158.mzML					Kbay			
KB_2020_159.mzML					Kbay			
KB_2020_16.mzML					Kbay			
KB_2020_160.mzML					Kbay			
KB_2020_161.mzML					Kbay			
KB_2020_162.mzML					Kbay			
KB_2020_163.mzML					Kbay			
KB_2020_164.mzML					Kbay			
KB_2020_165.mzML					Kbay			
KB_2020_166.mzML					Kbay			
KB_2020_167.mzML					Kbay			
KB_2020_168.mzML					Kbay			
KB_2020_169.mzML					Kbay			
KB_2020_17.mzML					Kbay			
KB_2020_170.mzML					Kbay			
KB_2020_171.mzML					Kbay			
KB_2020_172.mzML					Kbay			
KB_2020_173.mzML					Kbay			
KB_2020_174.mzML					Kbay			
KB_2020_175.mzML					Kbay			
KB_2020_176.mzML					Kbay			
KB_2020_177.mzML					Kbay			
KB_2020_178.mzML					Kbay			
KB_2020_179.mzML					Kbay			
KB_2020_18.mzML					Kbay			
KB_2020_180.mzML					Kbay			
KB_2020_181.mzML					Kbay			
KB_2020_182.mzML					Kbay			
KB_2020_183.mzML					Kbay			
KB_2020_184.mzML					Kbay			
KB_2020_185.mzML					Kbay			
KB_2020_186.mzML					Kbay			
KB_2020_187.mzML					Kbay			
KB_2020_188.mzML					Kbay			
KB_2020_189.mzML					Kbay			
KB_2020_19.mzML					Kbay			
KB_2020_190.mzML					Kbay			
KB_2020_191.mzML					Kbay			
KB_2020_192.mzML					Kbay			
KB_2020_193.mzML					Kbay			
KB_2020_194.mzML					Kbay			
KB_2020_195.mzML					Kbay			
KB_2020_196.mzML					Kbay			
KB_2020_197.mzML					Kbay			
KB_2020_198.mzML					Kbay			
KB_2020_199.mzML					Kbay			
KB_2020_20.mzML					Kbay			
KB_2020_200.mzML					Kbay			
KB_2020_201.mzML					Kbay			
KB_2020_202.mzML					Kbay			
KB_2020_203.mzML					Kbay			
KB_2020_204.mzML					Kbay			
KB_2020_205.mzML					Kbay			
KB_2020_206.mzML					Kbay			
KB_2020_207.mzML					Kbay			
KB_2020_208.mzML					Kbay			
KB_2020_209.mzML					Kbay			
KB_2020_21.mzML					Kbay			
KB_2020_210.mzML					Kbay			
KB_2020_211.mzML					Kbay			
KB_2020_212.mzML					Kbay			
KB_2020_213.mzML					Kbay			
KB_2020_214.mzML					Kbay			
KB_2020_215.mzML					Kbay			
KB_2020_217.mzML					Kbay			
KB_2020_219.mzML					Kbay			
KB_2020_22.mzML					Kbay			
KB_2020_220.mzML					Kbay			
KB_2020_221.mzML					Kbay			
KB_2020_222.mzML					Kbay			
KB_2020_223.mzML					Kbay			
KB_2020_224.mzML					Kbay			
KB_2020_225.mzML					Kbay			
KB_2020_226.mzML					Kbay			
KB_2020_227.mzML					Kbay			
KB_2020_228.mzML					Kbay			
KB_2020_23.mzML					Kbay			
KB_2020_230.mzML					Kbay			
KB_2020_231.mzML					Kbay			
KB_2020_232.mzML					Kbay			
KB_2020_233.mzML					Kbay			
KB_2020_234.mzML					Kbay			
KB_2020_235.mzML					Kbay			
KB_2020_236.mzML					Kbay			
KB_2020_237.mzML					Kbay			
KB_2020_239.mzML					Kbay			
KB_2020_24.mzML					Kbay			
KB_2020_240.mzML					Kbay			
KB_2020_241.mzML					Kbay			
KB_2020_242.mzML					Kbay			
KB_2020_243.mzML					Kbay			
KB_2020_244.mzML					Kbay			
KB_2020_245.mzML					Kbay			
KB_2020_25.mzML					Kbay			
KB_2020_26.mzML					Kbay			
KB_2020_27.mzML					Kbay			
KB_2020_28.mzML					Kbay			
KB_2020_29.mzML					Kbay			
KB_2020_30.mzML					Kbay			
KB_2020_31.mzML					Kbay			
KB_2020_32.mzML					Kbay			
KB_2020_33.mzML					Kbay			
KB_2020_34.mzML					Kbay			
KB_2020_35.mzML					Kbay			
KB_2020_36.mzML					Kbay			
KB_2020_37.mzML					Kbay			
KB_2020_38.mzML					Kbay			
KB_2020_39.mzML					Kbay			
KB_2020_40.mzML					Kbay			
KB_2020_41.mzML					Kbay			
KB_2020_42.mzML					Kbay			
KB_2020_43.mzML					Kbay			
KB_2020_44.mzML					Kbay			
KB_2020_45.mzML					Kbay			
KB_2020_46.mzML					Kbay			
KB_2020_47.mzML					Kbay			
KB_2020_48.mzML					Kbay			
KB_2020_49.mzML					Kbay			
KB_2020_50.mzML					Kbay			
KB_2020_51.mzML					Kbay			
KB_2020_52.mzML					Kbay			
KB_2020_53.mzML					Kbay			
KB_2020_54.mzML					Kbay			
KB_2020_55.mzML					Kbay			
KB_2020_56.mzML					Kbay			
KB_2020_57.mzML					Kbay			
KB_2020_58.mzML					Kbay			
KB_2020_59.mzML					Kbay			
KB_2020_60.mzML					Kbay			
KB_2020_61.mzML					Kbay			
KB_2020_62.mzML					Kbay			
KB_2020_63.mzML					Kbay			
KB_2020_64.mzML					Kbay			
KB_2020_65.mzML					Kbay			
KB_2020_66.mzML					Kbay			
KB_2020_67.mzML					Kbay			
KB_2020_68.mzML					Kbay			
KB_2020_69.mzML					Kbay			
KB_2020_70.mzML					Kbay			
KB_2020_71.mzML					Kbay			
KB_2020_72.mzML					Kbay			
KB_2020_73.mzML					Kbay			
KB_2020_74.mzML					Kbay			
KB_2020_75.mzML					Kbay			
KB_2020_76.mzML					Kbay			
KB_2020_77.mzML					Kbay			
KB_2020_78.mzML					Kbay			
KB_2020_79.mzML					Kbay			
KB_2020_80.mzML					Kbay			
KB_2020_81.mzML					Kbay			
KB_2020_82.mzML					Kbay			
KB_2020_83.mzML					Kbay			
KB_2020_84.mzML					Kbay			
KB_2020_85.mzML					Kbay			
KB_2020_86.mzML					Kbay			
KB_2020_87.mzML					Kbay			
KB_2020_88.mzML					Kbay			
KB_2020_90.mzML					Kbay			
KB_2020_91.mzML					Kbay			
KB_2020_92.mzML					Kbay			
KB_2020_93.mzML					Kbay			
KB_2020_94.mzML					Kbay			
KB_2020_95.mzML					Kbay			
KB_2020_97.mzML					Kbay			
KB_2020_98.mzML					Kbay			
KB_2020_99.mzML					Kbay			
Mo_2019_1.mzML	Mo_2019_1	Mu_IC_T0_1	6433236_02	SD_3	MuTANT	Incubate	800	Irina
Mo_2019_10.mzML	Mo_2019_10	Mu_WA_T0_1	6433236_02	SD_3	MuTANT	Incubate	800	Irina
Mo_2019_100.mzML	Mo_2019_100	PC_WA3_T5C			PlAN C	Exudate	400	Zaq
Mo_2019_101.mzML	Mo_2019_101	PC_HE1_T5C			PlAN C	Exudate	400	Zaq
Mo_2019_102.mzML	Mo_2019_102	PC_HE2_T5C			PlAN C	Exudate	400	Zaq
Mo_2019_103.mzML	Mo_2019_103	PC_HE3_T5C			PlAN C	Exudate	400	Zaq
Mo_2019_104.mzML	Mo_2019_104	PC_PB1_T5C			PlAN C	Exudate	400	Zaq
Mo_2019_105.mzML	Mo_2019_105	PC_PB2_T5C			PlAN C	Exudate	400	Zaq
Mo_2019_106.mzML	Mo_2019_106	PC_PB3_T5C			PlAN C	Exudate	400	Zaq
Mo_2019_107.mzML	Mo_2019_107	PC_BL1_T5C			PlAN C	Exudate	400	Zaq
Mo_2019_108.mzML	Mo_2019_108	PC_BL2_T5C			PlAN C	Exudate	400	Zaq
Mo_2019_109.mzML	Mo_2019_109	PC_BL3_T5C			PlAN C	Exudate	400	Zaq
Mo_2019_11.mzML	Mo_2019_11	Mu_WA_T0_2	6433236_02	SD_3	MuTANT	Incubate	800	Irina
Mo_2019_110.mzML	Mo_2019_110	PC_WA1_T7C			PlAN C	Exudate	400	Zaq
Mo_2019_111.mzML	Mo_2019_111	PC_WA2_T7C			PlAN C	Exudate	400	Zaq
Mo_2019_112.mzML	Mo_2019_112	PC_WA3_T7C			PlAN C	Exudate	400	Zaq
Mo_2019_113.mzML	Mo_2019_113	PC_HE1_T7C			PlAN C	Exudate	400	Zaq
Mo_2019_114.mzML	Mo_2019_114	PC_HE2_T7C			PlAN C	Exudate	400	Zaq
Mo_2019_115.mzML	Mo_2019_115	PC_HE3_T7C			PlAN C	Exudate	400	Zaq
Mo_2019_116.mzML	Mo_2019_116	PC_PB1_T7C			PlAN C	Exudate	400	Zaq
Mo_2019_117.mzML	Mo_2019_117	PC_PB2_T7C			PlAN C	Exudate	400	Zaq
Mo_2019_118.mzML	Mo_2019_118	PC_PB3_T7C			PlAN C	Exudate	400	Zaq
Mo_2019_119.mzML	Mo_2019_119	PC_BL1_T7C			PlAN C	Exudate	400	Zaq
Mo_2019_12.mzML	Mo_2019_12	Mu_WA_T0_3	6433236_02	SD_3	MuTANT	Incubate	800	Irina
Mo_2019_120.mzML	Mo_2019_120	PC_BL2_T7C			PlAN C	Exudate	400	Zaq
Mo_2019_121.mzML	Mo_2019_121	PC_BL3_T7C			PlAN C	Exudate	400	Zaq
Mo_2019_122_C.mzML	Mo_2019_122_C	PC_Blank			PlAN C	Exudate	400	Zaq
Mo_2019_126.mzML	Mo_2019_126	C3_x_T00			ROBOMICS	Exudate	850	Wesley
Mo_2019_127.mzML	Mo_2019_127	A1_x_T00			ROBOMICS	Exudate	850	Wesley
Mo_2019_128.mzML	Mo_2019_128	A2_x_T00			ROBOMICS	Exudate	850	Wesley
Mo_2019_129.mzML	Mo_2019_129	A3_x_T00			ROBOMICS	Exudate	850	Wesley
Mo_2019_13.mzML	Mo_2019_13	Mu_IC_T6_1	6433236_02	SD_3	MuTANT	Incubate	800	Irina
Mo_2019_130.mzML	Mo_2019_130	C1_x_T00			ROBOMICS	Exudate	850	Wesley
Mo_2019_131.mzML	Mo_2019_131	C2_x_T00			ROBOMICS	Exudate	850	Wesley
Mo_2019_132.mzML	Mo_2019_132	W1_x_T00			ROBOMICS	Exudate	850	Wesley
Mo_2019_133.mzML	Mo_2019_133	W2_x_T00			ROBOMICS	Exudate	850	Wesley
Mo_2019_134.mzML	Mo_2019_134	W3_x_T00			ROBOMICS	Exudate	850	Wesley
Mo_2019_135.mzML	Mo_2019_135	XX_w_T00		SD_10 (Box X)	ROBOMICS	Exudate	850	Wesley
Mo_2019_136.mzML	Mo_2019_136	XX_c_T00		SD_10 (Box X)	ROBOMICS	Exudate	850	Wesley
Mo_2019_137.mzML	Mo_2019_137	XX_a_T00		SD_10 (Box X)	ROBOMICS	Exudate	850	Wesley
Mo_2019_138.mzML	Mo_2019_138	W1_w_T00		SD_10 (Box X)	ROBOMICS	Exudate	850	Wesley
Mo_2019_139.mzML	Mo_2019_139	W2_w_T00		SD_10 (Box X)	ROBOMICS	Exudate	850	Wesley
Mo_2019_14.mzML	Mo_2019_14	Mu_IC_T6_2	6433236_02	SD_3	MuTANT	Incubate	800	Irina
Mo_2019_140.mzML	Mo_2019_140	W3_w_T00		SD_10 (Box X)	ROBOMICS	Exudate	850	Wesley
Mo_2019_141.mzML	Mo_2019_141	W1_c_T00		SD_10 (Box X)	ROBOMICS	Exudate	850	Wesley
Mo_2019_142.mzML	Mo_2019_142	W2_c_T00		SD_10 (Box X)	ROBOMICS	Exudate	850	Wesley
Mo_2019_143.mzML	Mo_2019_143	W3_c_T00		SD_10 (Box X)	ROBOMICS	Exudate	850	Wesley
Mo_2019_144.mzML	Mo_2019_144	W1_a_T00		SD_10 (Box X)	ROBOMICS	Exudate	850	Wesley
Mo_2019_145.mzML	Mo_2019_145	W2_a_T00		SD_10 (Box X)	ROBOMICS	Exudate	850	Wesley
Mo_2019_146.mzML	Mo_2019_146	W3_a_T00		SD_10 (Box X)	ROBOMICS	Exudate	850	Wesley
Mo_2019_147.mzML	Mo_2019_147	C1_w_T00		SD_10 (Box X)	ROBOMICS	Exudate	850	Wesley
Mo_2019_148.mzML	Mo_2019_148	C2_w_T00		SD_10 (Box X)	ROBOMICS	Exudate	850	Wesley
Mo_2019_149.mzML	Mo_2019_149	C3_w_T00		SD_10 (Box X)	ROBOMICS	Exudate	850	Wesley
Mo_2019_15.mzML	Mo_2019_15	Mu_IC_T6_3	6433236_02	SD_3	MuTANT	Incubate	800	Irina
Mo_2019_150.mzML	Mo_2019_150	C1_c_T00		SD_10 (Box X)	ROBOMICS	Exudate	850	Wesley
Mo_2019_151.mzML	Mo_2019_151	C2_c_T00		SD_10 (Box X)	ROBOMICS	Exudate	850	Wesley
Mo_2019_152.mzML	Mo_2019_152	C3_c_T00		SD_10 (Box X)	ROBOMICS	Exudate	850	Wesley
Mo_2019_153.mzML	Mo_2019_153	C1_a_T00		SD_10 (Box X)	ROBOMICS	Exudate	850	Wesley
Mo_2019_154.mzML	Mo_2019_154	C2_a_T00		SD_10 (Box X)	ROBOMICS	Exudate	850	Wesley
Mo_2019_155.mzML	Mo_2019_155	C3_a_T00		SD_10 (Box X)	ROBOMICS	Exudate	850	Wesley
Mo_2019_156.mzML	Mo_2019_156	A1_w_T00		SD_10 (Box X)	ROBOMICS	Exudate	850	Wesley
Mo_2019_157.mzML	Mo_2019_157	A2_w_T00		SD_10 (Box X)	ROBOMICS	Exudate	850	Wesley
Mo_2019_158.mzML	Mo_2019_158	A3_w_T00		SD_10 (Box X)	ROBOMICS	Exudate	850	Wesley
Mo_2019_159.mzML	Mo_2019_159	A1_c_T00		SD_10 (Box X)	ROBOMICS	Exudate	850	Wesley
Mo_2019_16.mzML	Mo_2019_16	Mu_TR_T6_1	6433236_02	SD_3	MuTANT	Incubate	800	Irina
Mo_2019_160.mzML	Mo_2019_160	A2_c_T00		SD_10 (Box X)	ROBOMICS	Exudate	850	Wesley
Mo_2019_161.mzML	Mo_2019_161	A3_c_T00		SD_10 (Box X)	ROBOMICS	Exudate	850	Wesley
Mo_2019_162.mzML	Mo_2019_162	A1_a_T00		SD_10 (Box X)	ROBOMICS	Exudate	850	Wesley
Mo_2019_163.mzML	Mo_2019_163	A2_a_T00		SD_10 (Box X)	ROBOMICS	Exudate	850	Wesley
Mo_2019_164.mzML	Mo_2019_164	A3_a_T00		SD_10 (Box X)	ROBOMICS	Exudate	850	Wesley
Mo_2019_166.mzML	Mo_2019_166	W1_w_T36			ROBOMICS	Exudate	850	Wesley
Mo_2019_167.mzML	Mo_2019_167	W2_w_T36			ROBOMICS	Exudate	850	Wesley
Mo_2019_168.mzML	Mo_2019_168	W3_w_T36			ROBOMICS	Exudate	850	Wesley
Mo_2019_169.mzML	Mo_2019_169	W1_c_T36			ROBOMICS	Exudate	850	Wesley
Mo_2019_17.mzML	Mo_2019_17	Mu_TR_T6_2	6433236_02	SD_3	MuTANT	Incubate	800	Irina
Mo_2019_170.mzML	Mo_2019_170	W2_c_T36			ROBOMICS	Exudate	850	Wesley
Mo_2019_171.mzML	Mo_2019_171	W3_c_T36			ROBOMICS	Exudate	850	Wesley
Mo_2019_172.mzML	Mo_2019_172	W1_a_T36			ROBOMICS	Exudate	850	Wesley
Mo_2019_173.mzML	Mo_2019_173	W2_a_T36			ROBOMICS	Exudate	850	Wesley
Mo_2019_174.mzML	Mo_2019_174	W3_a_T36			ROBOMICS	Exudate	850	Wesley
Mo_2019_175.mzML	Mo_2019_175	C1_w_T36			ROBOMICS	Exudate	850	Wesley
Mo_2019_176.mzML	Mo_2019_176	C2_w_T36			ROBOMICS	Exudate	850	Wesley
Mo_2019_177.mzML	Mo_2019_177	C3_w_T36			ROBOMICS	Exudate	850	Wesley
Mo_2019_178.mzML	Mo_2019_178	C1_c_T36			ROBOMICS	Exudate	850	Wesley
Mo_2019_179.mzML	Mo_2019_179	C2_c_T36			ROBOMICS	Exudate	850	Wesley
Mo_2019_18.mzML	Mo_2019_18	Mu_TR_T6_3	6433236_02	SD_3	MuTANT	Incubate	800	Irina
Mo_2019_180.mzML	Mo_2019_180	C3_c_T36			ROBOMICS	Exudate	850	Wesley
Mo_2019_181.mzML	Mo_2019_181	C1_a_T36			ROBOMICS	Exudate	850	Wesley
Mo_2019_182.mzML	Mo_2019_182	C2_a_T36			ROBOMICS	Exudate	850	Wesley
Mo_2019_183.mzML	Mo_2019_183	C3_a_T36			ROBOMICS	Exudate	850	Wesley
Mo_2019_184.mzML	Mo_2019_184	A1_w_T36			ROBOMICS	Exudate	850	Wesley
Mo_2019_185.mzML	Mo_2019_185	A2_w_T36			ROBOMICS	Exudate	850	Wesley
Mo_2019_186.mzML	Mo_2019_186	A3_w_T36			ROBOMICS	Exudate	850	Wesley
Mo_2019_187.mzML	Mo_2019_187	A1_c_T36			ROBOMICS	Exudate	850	Wesley
Mo_2019_188.mzML	Mo_2019_188	A2_c_T36			ROBOMICS	Exudate	850	Wesley
Mo_2019_189.mzML	Mo_2019_189	A3_c_T36			ROBOMICS	Exudate	850	Wesley
Mo_2019_19.mzML	Mo_2019_19	Mu_PC_T6_1	6433236_02	SD_3	MuTANT	Incubate	800	Irina
Mo_2019_190.mzML	Mo_2019_190	A1_a_T36			ROBOMICS	Exudate	850	Wesley
Mo_2019_191.mzML	Mo_2019_191	A2_a_T36			ROBOMICS	Exudate	850	Wesley
Mo_2019_192.mzML	Mo_2019_192	A3_a_T36			ROBOMICS	Exudate	850	Wesley
Mo_2019_193.mzML	Mo_2019_193	BLNK_T36		SD_10 (Box X)	ROBOMICS	Blank	850	Wesley
Mo_2019_194.mzML	Mo_2019_194	PC_WA1_T1H			PlAN C	Exudate	400	Zaq
Mo_2019_195.mzML	Mo_2019_195	PC_WA2_T1H			PlAN C	Exudate	400	Zaq
Mo_2019_196.mzML	Mo_2019_196	PC_WA3_T1H			PlAN C	Exudate	400	Zaq
Mo_2019_197.mzML	Mo_2019_197	PC_HE1_T1H			PlAN C	Exudate	400	Zaq
Mo_2019_198.mzML	Mo_2019_198	PC_HE2_T1H			PlAN C	Exudate	400	Zaq
Mo_2019_199.mzML	Mo_2019_199	PC_HE3_T1H			PlAN C	Exudate	400	Zaq
Mo_2019_2.mzML	Mo_2019_2	Mu_IC_T0_2	6433236_02	SD_3	MuTANT	Incubate	800	Irina
Mo_2019_20.mzML	Mo_2019_20	Mu_PC_T6_2	6433236_02	SD_3	MuTANT	Incubate	800	Irina
Mo_2019_200.mzML	Mo_2019_200	PC_PB1_T1H			PlAN C	Exudate	400	Zaq
Mo_2019_201.mzML	Mo_2019_201	PC_PB2_T1H			PlAN C	Exudate	400	Zaq
Mo_2019_202.mzML	Mo_2019_202	PC_PB3_T1H			PlAN C	Exudate	400	Zaq
Mo_2019_203.mzML	Mo_2019_203	PC_BL1_T1H			PlAN C	Exudate	400	Zaq
Mo_2019_204.mzML	Mo_2019_204	PC_BL2_T1H			PlAN C	Exudate	400	Zaq
Mo_2019_205.mzML	Mo_2019_205	PC_BL3_T1H			PlAN C	Exudate	400	Zaq
Mo_2019_206.mzML	Mo_2019_206	PC_WA1_T3H			PlAN C	Exudate	400	Zaq
Mo_2019_207.mzML	Mo_2019_207	PC_WA2_T3H			PlAN C	Exudate	400	Zaq
Mo_2019_208.mzML	Mo_2019_208	PC_WA3_T3H			PlAN C	Exudate	400	Zaq
Mo_2019_209.mzML	Mo_2019_209	PC_HE1_T3H			PlAN C	Exudate	400	Zaq
Mo_2019_21.mzML	Mo_2019_21	Mu_PC_T6_3	6433236_02	SD_3	MuTANT	Incubate	800	Irina
Mo_2019_210.mzML	Mo_2019_210	PC_HE2_T3H			PlAN C	Exudate	400	Zaq
Mo_2019_211.mzML	Mo_2019_211	PC_HE3_T3H			PlAN C	Exudate	400	Zaq
Mo_2019_212.mzML	Mo_2019_212	PC_PB1_T3H			PlAN C	Exudate	400	Zaq
Mo_2019_213.mzML	Mo_2019_213	PC_PB2_T3H			PlAN C	Exudate	400	Zaq
Mo_2019_214.mzML	Mo_2019_214	PC_PB3_T3H			PlAN C	Exudate	400	Zaq
Mo_2019_215.mzML	Mo_2019_215	PC_BL1_T3H			PlAN C	Exudate	400	Zaq
Mo_2019_216.mzML	Mo_2019_216	PC_BL2_T3H			PlAN C	Exudate	400	Zaq
Mo_2019_217.mzML	Mo_2019_217	PC_BL3_T3H			PlAN C	Exudate	400	Zaq
Mo_2019_218.mzML	Mo_2019_218	PC_WA1_T5H			PlAN C	Exudate	400	Zaq
Mo_2019_219_B.mzML	Mo_2019_219_B	PC_WA2_T5H			PlAN C	Exudate	400	Zaq
Mo_2019_22.mzML	Mo_2019_22	Mu_WA_T6_1	6433236_02	SD_3	MuTANT	Incubate	800	Irina
Mo_2019_220.mzML	Mo_2019_220	PC_WA3_T5H			PlAN C	Exudate	400	Zaq
Mo_2019_221.mzML	Mo_2019_221	PC_HE1_T5H			PlAN C	Exudate	400	Zaq
Mo_2019_222.mzML	Mo_2019_222	PC_HE2_T5H			PlAN C	Exudate	400	Zaq
Mo_2019_223.mzML	Mo_2019_223	PC_HE3_T5H			PlAN C	Exudate	400	Zaq
Mo_2019_224.mzML	Mo_2019_224	PC_PB1_T5H			PlAN C	Exudate	400	Zaq
Mo_2019_225.mzML	Mo_2019_225	PC_PB2_T5H			PlAN C	Exudate	400	Zaq
Mo_2019_226.mzML	Mo_2019_226	PC_PB3_T5H			PlAN C	Exudate	400	Zaq
Mo_2019_227.mzML	Mo_2019_227	PC_BL1_T5H			PlAN C	Exudate	400	Zaq
Mo_2019_228.mzML	Mo_2019_228	PC_BL2_T5H			PlAN C	Exudate	400	Zaq
Mo_2019_229.mzML	Mo_2019_229	PC_BL3_T5H			PlAN C	Exudate	400	Zaq
Mo_2019_23.mzML	Mo_2019_23	Mu_WA_T6_2	6433236_02	SD_3	MuTANT	Incubate	800	Irina
Mo_2019_230.mzML	Mo_2019_230	PC_WA1_T7H			PlAN C	Exudate	400	Zaq
Mo_2019_231.mzML	Mo_2019_231	PC_WA2_T7H			PlAN C	Exudate	400	Zaq
Mo_2019_232.mzML	Mo_2019_232	PC_WA3_T7H			PlAN C	Exudate	400	Zaq
Mo_2019_233.mzML	Mo_2019_233	PC_HE1_T7H			PlAN C	Exudate	400	Zaq
Mo_2019_234.mzML	Mo_2019_234	PC_HE2_T7H			PlAN C	Exudate	400	Zaq
Mo_2019_235.mzML	Mo_2019_235	PC_HE3_T7H			PlAN C	Exudate	400	Zaq
Mo_2019_236.mzML	Mo_2019_236	PC_PB1_T7H			PlAN C	Exudate	400	Zaq
Mo_2019_237.mzML	Mo_2019_237	PC_PB2_T7H			PlAN C	Exudate	400	Zaq
Mo_2019_238.mzML	Mo_2019_238	PC_PB3_T7H			PlAN C	Exudate	400	Zaq
Mo_2019_239.mzML	Mo_2019_239	PC_BL1_T7H			PlAN C	Exudate	400	Zaq
Mo_2019_24.mzML	Mo_2019_24	Mu_WA_T6_3	6433236_02	SD_3	MuTANT	Incubate	800	Irina
Mo_2019_240.mzML	Mo_2019_240	PC_BL2_T7H			PlAN C	Exudate	400	Zaq
Mo_2019_241.mzML	Mo_2019_241	PC_BL3_T7H			PlAN C	Exudate	400	Zaq
Mo_2019_242.mzML	Mo_2019_242	B2_off_A			SpiffyLang	Environmental	1000	Irina
Mo_2019_243.mzML	Mo_2019_243	B2_off_B			SpiffyLang	Environmental	1000	Irina
Mo_2019_244.mzML	Mo_2019_244	SP1_Fr1_A		SD 7	SpiffyLang	Environmental	1000	Irina
Mo_2019_245.mzML	Mo_2019_245	SP1_Fr1_B		SD 8	SpiffyLang	Environmental	1000	Irina
Mo_2019_246.mzML	Mo_2019_246	SP1_Fr2_A		SD 9	SpiffyLang	Environmental	1000	Irina
Mo_2019_247_20210617203632.mzML	Mo_2019_247	SP1_Fr2_B		SD 10	SpiffyLang	Environmental	1000	Irina
Mo_2019_248.mzML	Mo_2019_248	SP1_Fr3_A		SD 11	SpiffyLang	Environmental	1000	Irina
Mo_2019_249.mzML	Mo_2019_249	SP1_Fr3_B		SD 12	SpiffyLang	Environmental	1000	Irina
Mo_2019_25.mzML	Mo_2019_25	Mu_IC_T12_1	6433236_02	SD_3	MuTANT	Incubate	800	Irina
Mo_2019_250.mzML	Mo_2019_250	SP1_Br1_A		SD 13	SpiffyLang	Environmental	1000	Irina
Mo_2019_251.mzML	Mo_2019_251	SP1_Br1_B		SD 14	SpiffyLang	Environmental	1000	Irina
Mo_2019_252.mzML	Mo_2019_252	SP1_Br2_A		SD 15	SpiffyLang	Environmental	1000	Irina
Mo_2019_253.mzML	Mo_2019_253	SP1_Br2_B		SD 16	SpiffyLang	Environmental	1000	Irina
Mo_2019_254.mzML	Mo_2019_254	SP1_Br3_A		SD 17	SpiffyLang	Environmental	1000	Irina
Mo_2019_255.mzML	Mo_2019_255	SP1_Br3_B		SD 18	SpiffyLang	Environmental	1000	Irina
Mo_2019_256.mzML	Mo_2019_256	SP1_Br4_A		SD 19	SpiffyLang	Environmental	1000	Irina
Mo_2019_257.mzML	Mo_2019_257	SP1_Br4_B		SD 20	SpiffyLang	Environmental	1000	Irina
Mo_2019_258.mzML	Mo_2019_258	SP1_Br5_A		SD 21	SpiffyLang	Environmental	1000	Irina
Mo_2019_259.mzML	Mo_2019_259	SP1_Br5_B		SD 22	SpiffyLang	Environmental	1000	Irina
Mo_2019_26.mzML	Mo_2019_26	Mu_IC_T12_2	6433236_02	SD_3	MuTANT	Incubate	800	Irina
Mo_2019_260.mzML	Mo_2019_260	SP1_Br6_A		SD 23	SpiffyLang	Environmental	1000	Irina
Mo_2019_261.mzML	Mo_2019_261	SP1_Br6_B		SD 24	SpiffyLang	Environmental	1000	Irina
Mo_2019_262.mzML	Mo_2019_262	SP1_Br7_A		SD 25	SpiffyLang	Environmental	1000	Irina
Mo_2019_263.mzML	Mo_2019_263	SP1_Br7_B		SD 26	SpiffyLang	Environmental	1000	Irina
Mo_2019_264.mzML	Mo_2019_264	SP1_Br8_A		SD 27	SpiffyLang	Environmental	1000	Irina
Mo_2019_265.mzML	Mo_2019_265	SP1_Br8_B		SD 28	SpiffyLang	Environmental	1000	Irina
Mo_2019_266.mzML	Mo_2019_266	SP2_Blank		SD 29	SpiffyLang	Environmental	1000	Irina
Mo_2019_267.mzML	Mo_2019_267	SP3_Blank		SD 30	SpiffyLang	Environmental	1000	Irina
Mo_2019_268.mzML	Mo_2019_268	SP2_Br9_A		SD 31	SpiffyLang	Environmental	1000	Irina
Mo_2019_269.mzML	Mo_2019_269	SP2_Br9_B		SD 32	SpiffyLang	Environmental	1000	Irina
Mo_2019_27.mzML	Mo_2019_27	Mu_IC_T12_3	6433236_02	SD_3	MuTANT	Incubate	800	Irina
Mo_2019_270.mzML	Mo_2019_270	SP2_OFF_A		SD 33	SpiffyLang	Environmental	1000	Irina
Mo_2019_271.mzML	Mo_2019_271	SP2_OFF_B		SD 34	SpiffyLang	Environmental	1000	Irina
Mo_2019_272.mzML	Mo_2019_272	SP2_Fr1_A		SD 35	SpiffyLang	Environmental	1000	Irina
Mo_2019_273.mzML	Mo_2019_273	SP2_Fr1_B		SD 36	SpiffyLang	Environmental	1000	Irina
Mo_2019_274.mzML	Mo_2019_274	SP2_Fr2_A		SD 37	SpiffyLang	Environmental	1000	Irina
Mo_2019_275.mzML	Mo_2019_275	SP2_Fr2_B		SD 38	SpiffyLang	Environmental	1000	Irina
Mo_2019_276.mzML	Mo_2019_276	SP2_Fr3_A		SD 39	SpiffyLang	Environmental	1000	Irina
Mo_2019_277.mzML	Mo_2019_277	SP2_Fr3_B		SD 40	SpiffyLang	Environmental	1000	Irina
Mo_2019_278.mzML	Mo_2019_278	SP2_Br1_A		SD 41	SpiffyLang	Environmental	1000	Irina
Mo_2019_279.mzML	Mo_2019_279	SP2_Br1_B		SD 42	SpiffyLang	Environmental	1000	Irina
Mo_2019_28.mzML	Mo_2019_28	Mu_TR_T12_1	6433236_02	SD_3	MuTANT	Incubate	800	Irina
Mo_2019_280.mzML	Mo_2019_280	SP2_Br2_A		SD 43	SpiffyLang	Environmental	1000	Irina
Mo_2019_281.mzML	Mo_2019_281	SP2_Br2_B		SD 44	SpiffyLang	Environmental	1000	Irina
Mo_2019_282.mzML	Mo_2019_282	SP2_Br3_A		SD 45	SpiffyLang	Environmental	1000	Irina
Mo_2019_283.mzML	Mo_2019_283	SP2_Br3_B		SD 46	SpiffyLang	Environmental	1000	Irina
Mo_2019_284.mzML	Mo_2019_284	SP2_Br4_A		SD 47	SpiffyLang	Environmental	1000	Irina
Mo_2019_285.mzML	Mo_2019_285	SP2_Br4_B		SD 48	SpiffyLang	Environmental	1000	Irina
Mo_2019_286.mzML	Mo_2019_286	SP2_Br5_A		SD 49	SpiffyLang	Environmental	1000	Irina
Mo_2019_287.mzML	Mo_2019_287	SP2_Br5_B		SD 50	SpiffyLang	Environmental	1000	Irina
Mo_2019_288.mzML	Mo_2019_288	SP2_Br6_A		SD 51	SpiffyLang	Environmental	1000	Irina
Mo_2019_289.mzML	Mo_2019_289	SP2_Br6_B		SD 52	SpiffyLang	Environmental	1000	Irina
Mo_2019_29.mzML	Mo_2019_29	Mu_TR_T12_2	6433236_02	SD_3	MuTANT	Incubate	800	Irina
Mo_2019_290.mzML	Mo_2019_290	SP2_Br7_A		SD 53	SpiffyLang	Environmental	1000	Irina
Mo_2019_291.mzML	Mo_2019_291	SP2_Br7_B		SD 54	SpiffyLang	Environmental	1000	Irina
Mo_2019_292.mzML	Mo_2019_292	SP2_Br8_A		SD 55	SpiffyLang	Environmental	1000	Irina
Mo_2019_293.mzML	Mo_2019_293	SP2_Br8_B		SD 56	SpiffyLang	Environmental	1000	Irina
Mo_2019_294.mzML	Mo_2019_294	SP3_OFF_A	642352_06	NL	SpiffyLang	Environmental	1000	Irina
Mo_2019_295.mzML	Mo_2019_295	SP3_OFF_B	642352_06	NL	SpiffyLang	Environmental	1000	Irina
Mo_2019_296.mzML	Mo_2019_296	SP3_Fr1_A	642352_06	NL	SpiffyLang	Environmental	1000	Irina
Mo_2019_297.mzML	Mo_2019_297	SP3_Fr1_B	642352_06	NL	SpiffyLang	Environmental	1000	Irina
Mo_2019_298.mzML	Mo_2019_298	SP3_Fr2_A	642352_06	NL	SpiffyLang	Environmental	1000	Irina
Mo_2019_299.mzML	Mo_2019_299	SP3_Fr2_B	642352_06	NL	SpiffyLang	Environmental	1000	Irina
Mo_2019_3.mzML	Mo_2019_3	Mu_IC_T0_3	6433236_02	SD_3	MuTANT	Incubate	800	Irina
Mo_2019_30.mzML	Mo_2019_30	Mu_TR_T12_3	6433236_02	SD_3	MuTANT	Incubate	800	Irina
Mo_2019_300.mzML	Mo_2019_300	SP3_Fr3_A	642352_06	NL	SpiffyLang	Environmental	1000	Irina
Mo_2019_301.mzML	Mo_2019_301	SP3_Fr3_B	642352_06	NL	SpiffyLang	Environmental	1000	Irina
Mo_2019_302.mzML	Mo_2019_302	SP3_Br1_A	642352_06	NL	SpiffyLang	Environmental	1000	Irina
Mo_2019_303.mzML	Mo_2019_303	SP3_Br1_B	642352_06	NL	SpiffyLang	Environmental	1000	Irina
Mo_2019_304.mzML	Mo_2019_304	SP3_Br2_A	642352_06	NL	SpiffyLang	Environmental	1000	Irina
Mo_2019_305.mzML	Mo_2019_305	SP3_Br2_B	642352_06	NL	SpiffyLang	Environmental	1000	Irina
Mo_2019_306.mzML	Mo_2019_306	SP3_Br3_A	642352_06	NL	SpiffyLang	Environmental	1000	Irina
Mo_2019_307.mzML	Mo_2019_307	SP3_Br3_B	642352_06	NL	SpiffyLang	Environmental	1000	Irina
Mo_2019_308.mzML	Mo_2019_308	SP3_Br4_A	642352_06	NL	SpiffyLang	Environmental	1000	Irina
Mo_2019_309.mzML	Mo_2019_309	SP3_Br4_B	642352_06	NL	SpiffyLang	Environmental	1000	Irina
Mo_2019_31.mzML	Mo_2019_31	Mu_PC_T12_1	6433236_02	SD_3	MuTANT	Incubate	800	Irina
Mo_2019_310.mzML	Mo_2019_310	SP3_Br5_A	642352_06	NL	SpiffyLang	Environmental	1000	Irina
Mo_2019_311.mzML	Mo_2019_311	SP3_Br5_B	642352_06	NL	SpiffyLang	Environmental	1000	Irina
Mo_2019_312.mzML	Mo_2019_312	SP3_Br6_A	642352_06	NL	SpiffyLang	Environmental	1000	Irina
Mo_2019_313.mzML	Mo_2019_313	SP3_Br6_B	642352_06	NL	SpiffyLang	Environmental	1000	Irina
Mo_2019_314.mzML	Mo_2019_314	SP3_Br7_A	642352_06	NL	SpiffyLang	Environmental	1000	Irina
Mo_2019_315.mzML	Mo_2019_315	SP3_Br7_B	642352_06	NL	SpiffyLang	Environmental	1000	Irina
Mo_2019_316.mzML	Mo_2019_316	SP3_Br8_A	642352_06	NL	SpiffyLang	Environmental	1000	Irina
Mo_2019_317.mzML	Mo_2019_317	SP3_Br8_B	642352_06	NL	SpiffyLang	Environmental	1000	Irina
Mo_2019_318_20210617202026.mzML	Mo_2019_318	SP2_Br9_A		SD7	SpiffyLang	Environmental	1000	Irina
Mo_2019_319.mzML	Mo_2019_319	SP2_Br9_B		SD7	SpiffyLang	Environmental	1000	Irina
Mo_2019_32.mzML	Mo_2019_32	Mu_PC_T12_2	6433236_02	SD_3	MuTANT	Incubate	800	Irina
Mo_2019_320.mzML	Mo_2019_320	ABC_019	642352_06	NL	abcDOM	Incubate	700	Milou/Wesley
Mo_2019_321.mzML	Mo_2019_321	ABC_020	642352_06	NL	abcDOM	Incubate	700	Milou/Wesley
Mo_2019_322.mzML	Mo_2019_322	ABC_021	642352_06	NL	abcDOM	Incubate	700	Milou/Wesley
Mo_2019_323.mzML	Mo_2019_323	ABC_023	642352_06	NL	abcDOM	Incubate	700	Milou/Wesley
Mo_2019_324_B.mzML	Mo_2019_324_B	ABC_024	642352_06	NL	abcDOM	Incubate	700	Milou/Wesley
Mo_2019_325.mzML	Mo_2019_325	ABC_025	642352_06	NL	abcDOM	Incubate	700	Milou/Wesley
Mo_2019_326.mzML	Mo_2019_326	ABC_026	642352_06	NL	abcDOM	Incubate	500	Milou/Wesley
Mo_2019_327.mzML	Mo_2019_327	ABC_027	642352_06	NL	abcDOM	Incubate	700	Milou/Wesley
Mo_2019_328.mzML	Mo_2019_328	ABC_028	642352_06	NL	abcDOM	Incubate	700	Milou/Wesley
Mo_2019_329.mzML	Mo_2019_329	ABC_029	642352_06	NL	abcDOM	Incubate	700	Milou/Wesley
Mo_2019_33.mzML	Mo_2019_33	Mu_PC_T12_3	6433236_02	SD_3	MuTANT	Incubate	800	Irina
Mo_2019_330.mzML	Mo_2019_330	ABC_030	642352_06	NL	abcDOM	Incubate	500	Milou/Wesley
Mo_2019_331.mzML	Mo_2019_331	ABC_031	642352_06	NL	abcDOM	Incubate	700	Milou/Wesley
Mo_2019_332.mzML	Mo_2019_332	ABC_032	642352_06	NL	abcDOM	Incubate	700	Milou/Wesley
Mo_2019_333.mzML	Mo_2019_333	ABC_033	642352_06	NL	abcDOM	Incubate	700	Milou/Wesley
Mo_2019_334.mzML	Mo_2019_334	ABC_034	642352_06	NL	abcDOM	Incubate	700	Milou/Wesley
Mo_2019_335.mzML	Mo_2019_335	ABC_035	642352_06	NL	abcDOM	Incubate	700	Milou/Wesley
Mo_2019_336.mzML	Mo_2019_336	ABC_036	642352_06	NL	abcDOM	Incubate	700	Milou/Wesley
Mo_2019_337.mzML	Mo_2019_337	ABC_073	642352_06	NL	abcDOM	Incubate	700	Milou/Wesley
Mo_2019_338.mzML	Mo_2019_338	ABC_074	642352_06	NL	abcDOM	Incubate	700	Milou/Wesley
Mo_2019_339.mzML	Mo_2019_339	ABC_075	642352_06	NL	abcDOM	Incubate	700	Milou/Wesley
Mo_2019_34.mzML	Mo_2019_34	Mu_WA_T12_1	6433236_02	SD_3	MuTANT	Incubate	800	Irina
Mo_2019_340.mzML	Mo_2019_340	ABC_077	642352_06	NL	abcDOM	Incubate	700	Milou/Wesley
Mo_2019_341.mzML	Mo_2019_341	ABC_078	642352_06	NL	abcDOM	Incubate	700	Milou/Wesley
Mo_2019_342.mzML	Mo_2019_342	ABC_079	642352_06	NL	abcDOM	Incubate	700	Milou/Wesley
Mo_2019_343.mzML	Mo_2019_343	ABC_080	642352_06	NL	abcDOM	Incubate	700	Milou/Wesley
Mo_2019_344.mzML	Mo_2019_344	ABC_081	642352_06	NL	abcDOM	Incubate	700	Milou/Wesley
Mo_2019_345.mzML	Mo_2019_345	ABC_082	642352_06	NL	abcDOM	Incubate	700	Milou/Wesley
Mo_2019_346.mzML	Mo_2019_346	ABC_083	642352_06	NL	abcDOM	Incubate	700	Milou/Wesley
Mo_2019_347.mzML	Mo_2019_347	ABC_084	642352_06	NL	abcDOM	Incubate	700	Milou/Wesley
Mo_2019_348.mzML	Mo_2019_348	ABC_085	642352_06	NL	abcDOM	Incubate	700	Milou/Wesley
Mo_2019_349.mzML	Mo_2019_349	ABC_086	642352_06	NL	abcDOM	Incubate	700	Milou/Wesley
Mo_2019_35.mzML	Mo_2019_35	Mu_WA_T12_2	6433236_02	SD_3	MuTANT	Incubate	800	Irina
Mo_2019_350.mzML	Mo_2019_350	ABC_087	642352_06	NL	abcDOM	Incubate	700	Milou/Wesley
Mo_2019_351.mzML	Mo_2019_351	ABC_088	642352_06	NL	abcDOM	Incubate	700	Milou/Wesley
Mo_2019_352.mzML	Mo_2019_352	ABC_089	642352_06	NL	abcDOM	Incubate	700	Milou/Wesley
Mo_2019_353.mzML	Mo_2019_353	ABC_090	642352_06	NL	abcDOM	Incubate	700	Milou/Wesley
Mo_2019_354.mzML	Mo_2019_354	A1			INTERACTOMICS	Environmental	400	Wesley
Mo_2019_355.mzML	Mo_2019_355	A2			INTERACTOMICS	Environmental	400	Wesley
Mo_2019_356.mzML	Mo_2019_356	A3			INTERACTOMICS	Environmental	400	Wesley
Mo_2019_357.mzML	Mo_2019_357	B1			INTERACTOMICS	Environmental	400	Wesley
Mo_2019_358.mzML	Mo_2019_358	B2			INTERACTOMICS	Environmental	400	Wesley
Mo_2019_359.mzML	Mo_2019_359	B3			INTERACTOMICS	Environmental	400	Wesley
Mo_2019_36.mzML	Mo_2019_36	Mu_WA_T12_3	6433236_02	SD_3	MuTANT	Incubate	800	Irina
Mo_2019_360.mzML	Mo_2019_360	C1			INTERACTOMICS	Environmental	400	Wesley
Mo_2019_361.mzML	Mo_2019_361	C2			INTERACTOMICS	Environmental	400	Wesley
Mo_2019_362.mzML	Mo_2019_362	C3			INTERACTOMICS	Environmental	400	Wesley
Mo_2019_363.mzML	Mo_2019_363	D1			INTERACTOMICS	Environmental	400	Wesley
Mo_2019_364.mzML	Mo_2019_364	D2			INTERACTOMICS	Environmental	400	Wesley
Mo_2019_365.mzML	Mo_2019_365	D3			INTERACTOMICS	Environmental	400	Wesley
Mo_2019_366.mzML	Mo_2019_366	E1			INTERACTOMICS	Environmental	400	Wesley
Mo_2019_367.mzML	Mo_2019_367	E3			INTERACTOMICS	Environmental	400	Wesley
Mo_2019_368.mzML	Mo_2019_368	F1			INTERACTOMICS	Environmental	400	Wesley
Mo_2019_369.mzML	Mo_2019_369	F2			INTERACTOMICS	Environmental	400	Wesley
Mo_2019_37.mzML	Mo_2019_37	Mu_IC_T24_1	6433236_02	SD_3	MuTANT	Incubate	800	Irina
Mo_2019_370.mzML	Mo_2019_370	F3			INTERACTOMICS	Environmental	400	Wesley
Mo_2019_38.mzML	Mo_2019_38	Mu_IC_T24_2	6433236_02	SD_3	MuTANT	Incubate	800	Irina
Mo_2019_39.mzML	Mo_2019_39	Mu_IC_T24_3	6433236_02	SD_3	MuTANT	Incubate	800	Irina
Mo_2019_4.mzML	Mo_2019_4	Mu_TR_T0_1	6433236_02	SD_3	MuTANT	Incubate	800	Irina
Mo_2019_40.mzML	Mo_2019_40	Mu_TR_T24_1	6433236_02	SD_3	MuTANT	Incubate	800	Irina
Mo_2019_407.mzML	Mo_2019_407	Reefwater_T1	642352_06	NL	FACK	Environmental	500	Milou
Mo_2019_408.mzML	Mo_2019_408	Coral_fil_T0	642352_06	NL	FACK	Incubate	500	Milou
Mo_2019_409.mzML	Mo_2019_409	Coral_1_T0	642352_06	NL	FACK	Incubate	500	Milou
Mo_2019_41.mzML	Mo_2019_41	Mu_TR_T24_2	6433236_02	SD_3	MuTANT	Incubate	800	Irina
Mo_2019_410.mzML	Mo_2019_410	Coral_2_T0	642352_06	NL	FACK	Incubate	500	Milou
Mo_2019_411.mzML	Mo_2019_411	Coral_3_T0	642352_06	NL	FACK	Incubate	500	Milou
Mo_2019_412.mzML	Mo_2019_412	Algae_fil_T0	642352_06	NL	FACK	Incubate	500	Milou
Mo_2019_413.mzML	Mo_2019_413	Algae_1_T0	642352_06	NL	FACK	Incubate	500	Milou
Mo_2019_414.mzML	Mo_2019_414	Algae_2_T0	642352_06	NL	FACK	Incubate	500	Milou
Mo_2019_415.mzML	Mo_2019_415	Algae_3_T0	642352_06	NL	FACK	Incubate	500	Milou
Mo_2019_416.mzML	Mo_2019_416	Control_fil_T0	642352_06	NL	FACK	Incubate	500	Milou
Mo_2019_417.mzML	Mo_2019_417	Control_1_T0	642352_06	NL	FACK	Incubate	500	Milou
Mo_2019_418.mzML	Mo_2019_418	Control_2_T0	642352_06	NL	FACK	Incubate	500	Milou
Mo_2019_419.mzML	Mo_2019_419	Control_3_T0	642352_06	NL	FACK	Incubate	500	Milou
Mo_2019_42.mzML	Mo_2019_42	Mu_TR_T24_3	6433236_02	SD_3	MuTANT	Incubate	800	Irina
Mo_2019_420.mzML	Mo_2019_420	Coral_fil_T2h	642352_06	NL	FACK	Incubate	500	Milou
Mo_2019_421.mzML	Mo_2019_421	Coral_1_T2h	642352_06	NL	FACK	Incubate	500	Milou
Mo_2019_422.mzML	Mo_2019_422	Coral_2_T2h	642352_06	NL	FACK	Incubate	500	Milou
Mo_2019_423.mzML	Mo_2019_423	Coral_3_T2h	642352_06	NL	FACK	Incubate	500	Milou
Mo_2019_424.mzML	Mo_2019_424	Algae_fil_T2h	642352_06	NL	FACK	Incubate	500	Milou
Mo_2019_425.mzML	Mo_2019_425	Algae_1_T2h	642352_06	NL	FACK	Incubate	500	Milou
Mo_2019_426.mzML	Mo_2019_426	Algae_2_T2h	642352_06	NL	FACK	Incubate	500	Milou
Mo_2019_427.mzML	Mo_2019_427	Algae_3_T2h	642352_06	NL	FACK	Incubate	500	Milou
Mo_2019_428.mzML	Mo_2019_428	Control_fil_T2h	642352_06	NL	FACK	Incubate	500	Milou
Mo_2019_429.mzML	Mo_2019_429	Control_1_T2h	642352_06	NL	FACK	Incubate	500	Milou
Mo_2019_43.mzML	Mo_2019_43	Mu_PC_T24_1	6433236_02	SD_3	MuTANT	Incubate	800	Irina
Mo_2019_430.mzML	Mo_2019_430	Control_2_T2h	642352_06	NL	FACK	Incubate	500	Milou
Mo_2019_431.mzML	Mo_2019_431	Control_3_T2h	642352_06	NL	FACK	Incubate	500	Milou
Mo_2019_432.mzML	Mo_2019_432	Coral_fil_Tasap	642352_06	NL	FACK	Incubate	500	Milou
Mo_2019_433.mzML	Mo_2019_433	Coral_1_Tasap	642352_06	NL	FACK	Incubate	500	Milou
Mo_2019_434.mzML	Mo_2019_434	Coral_2_Tasap	642352_06	NL	FACK	Incubate	500	Milou
Mo_2019_435.mzML	Mo_2019_435	Coral_3_Tasap	642352_06	NL	FACK	Incubate	500	Milou
Mo_2019_436.mzML	Mo_2019_436	Algae_fil_Tasap	642352_06	NL	FACK	Incubate	500	Milou
Mo_2019_437.mzML	Mo_2019_437	Algae_1_Tasap	642352_06	NL	FACK	Incubate	500	Milou
Mo_2019_438.mzML	Mo_2019_438	Algae_2_Tasap	642352_06	NL	FACK	Incubate	500	Milou
Mo_2019_439.mzML	Mo_2019_439	Algae_3_Tasap	642352_06	NL	FACK	Incubate	500	Milou
Mo_2019_44.mzML	Mo_2019_44	Mu_PC_T24_2	6433236_02	SD_3	MuTANT	Incubate	800	Irina
Mo_2019_440.mzML	Mo_2019_440	Control_fil_Tasap	642352_06	NL	FACK	Incubate	500	Milou
Mo_2019_441.mzML	Mo_2019_441	Control_1_Tasap	642352_06	NL	FACK	Incubate	500	Milou
Mo_2019_442.mzML	Mo_2019_442	Control_2_Tasap	642352_06	NL	FACK	Incubate	500	Milou
Mo_2019_443.mzML	Mo_2019_443	Control_3_Tasap	642352_06	NL	FACK	Incubate	500	Milou
Mo_2019_444.mzML	Mo_2019_444	Coral_fil_T6h	642352_06	NL	FACK	Incubate	500	Milou
Mo_2019_445.mzML	Mo_2019_445	Coral_1_T6h	642352_06	NL	FACK	Incubate	500	Milou
Mo_2019_446.mzML	Mo_2019_446	Coral_2_T6h	642352_06	NL	FACK	Incubate	500	Milou
Mo_2019_447.mzML	Mo_2019_447	Coral_3_T6h	642352_06	NL	FACK	Incubate	500	Milou
Mo_2019_448.mzML	Mo_2019_448	Algae_fil_T6h	642352_06	NL	FACK	Incubate	500	Milou
Mo_2019_449.mzML	Mo_2019_449	Algae_1_T6h	642352_06	NL	FACK	Incubate	500	Milou
Mo_2019_45.mzML	Mo_2019_45	Mu_PC_T24_3	6433236_02	SD_3	MuTANT	Incubate	800	Irina
Mo_2019_450.mzML	Mo_2019_450	Algae_2_T6h	642352_06	NL	FACK	Incubate	500	Milou
Mo_2019_451.mzML	Mo_2019_451	Algae_3_T6h	642352_06	NL	FACK	Incubate	500	Milou
Mo_2019_452.mzML	Mo_2019_452	Control_fil_T6h	642352_06	NL	FACK	Incubate	400	Milou
Mo_2019_453.mzML	Mo_2019_453	Control_1_T6h	642352_06	NL	FACK	Incubate	500	Milou
Mo_2019_454.mzML	Mo_2019_454	Control_2_T6h	642352_06	NL	FACK	Incubate	500	Milou
Mo_2019_455.mzML	Mo_2019_455	Control_3_T6h	642352_06	NL	FACK	Incubate	500	Milou
Mo_2019_456.mzML	Mo_2019_456	Coral_fil_T24h	642352_06	NL	FACK	Incubate	500	Milou
Mo_2019_457.mzML	Mo_2019_457	Coral_1_T24h	642352_06	NL	FACK	Incubate	500	Milou
Mo_2019_458.mzML	Mo_2019_458	Coral_2_T24h	642352_06	NL	FACK	Incubate	500	Milou
Mo_2019_459.mzML	Mo_2019_459	Coral_3_T24h	642352_06	NL	FACK	Incubate	500	Milou
Mo_2019_46.mzML	Mo_2019_46	Mu_WA_T24_1	6433236_02	SD_3	MuTANT	Incubate	800	Irina
Mo_2019_460.mzML	Mo_2019_460	Algae_fil_T24h	642352_06	NL	FACK	Incubate	500	Milou
Mo_2019_461.mzML	Mo_2019_461	Algae_1_T24h	642352_06	NL	FACK	Incubate	500	Milou
Mo_2019_462.mzML	Mo_2019_462	Algae_2_T24h	642352_06	NL	FACK	Incubate	500	Milou
Mo_2019_463.mzML	Mo_2019_463	Algae_3_T24h	642352_06	NL	FACK	Incubate	500	Milou
Mo_2019_464.mzML	Mo_2019_464	Control_fil_T24h	642352_06	NL	FACK	Incubate	500	Milou
Mo_2019_465.mzML	Mo_2019_465	Control_1_T24h	642352_06	NL	FACK	Incubate	500	Milou
Mo_2019_466.mzML	Mo_2019_466	Control_2_T24h	642352_06	NL	FACK	Incubate	500	Milou
Mo_2019_467.mzML	Mo_2019_467	Control_3_T24h	642352_06	NL	FACK	Incubate	500	Milou
Mo_2019_468.mzML	Mo_2019_468	Coral_fil_T48h	642352_06	NL	FACK	Incubate	500	Milou
Mo_2019_469.mzML	Mo_2019_469	Coral_1_T48h	642352_06	NL	FACK	Incubate	500	Milou
Mo_2019_47.mzML	Mo_2019_47	Mu_WA_T24_2	6433236_02	SD_3	MuTANT	Incubate	800	Irina
Mo_2019_470.mzML	Mo_2019_470	Coral_2_T48h	642352_06	NL	FACK	Incubate	500	Milou
Mo_2019_471.mzML	Mo_2019_471	Coral_3_T48h	642352_06	NL	FACK	Incubate	500	Milou
Mo_2019_472.mzML	Mo_2019_472	Algae_fil_T48h	642352_06	NL	FACK	Incubate	500	Milou
Mo_2019_473.mzML	Mo_2019_473	Algae_1_T48h	642352_06	NL	FACK	Incubate	500	Milou
Mo_2019_474.mzML	Mo_2019_474	Algae_2_T48h	642352_06	NL	FACK	Incubate	500	Milou
Mo_2019_475.mzML	Mo_2019_475	Algae_3_T48h	642352_06	NL	FACK	Incubate	500	Milou
Mo_2019_476.mzML	Mo_2019_476	Control_fil_T48h	642352_06	NL	FACK	Incubate	500	Milou
Mo_2019_477.mzML	Mo_2019_477	Control_1_T48h	642352_06	NL	FACK	Incubate	500	Milou
Mo_2019_478.mzML	Mo_2019_478	Control_2_T48h	642352_06	NL	FACK	Incubate	500	Milou
Mo_2019_479.mzML	Mo_2019_479	Control_3_T48h	642352_06	NL	FACK	Incubate	500	Milou
Mo_2019_48.mzML	Mo_2019_48	Mu_WA_T24_3	6433236_02	SD_3	MuTANT	Incubate	800	Irina
Mo_2019_480.mzML	Mo_2019_480	coral+MeOH_1	642352_06	NL	FACK	Incubate	5L	Milou
Mo_2019_481.mzML	Mo_2019_481	coral+MeOH_2	642352_06	NL	FACK	Incubate	5L	Milou
Mo_2019_482.mzML	Mo_2019_482	BLANK	642352_06	NL	FACK	BLANK	500	Milou
Mo_2019_483.mzML	Mo_2019_483	DIEL_19MAY_09:00		X	DIEL	Environmental	1000	
Mo_2019_484.mzML	Mo_2019_484	DIEL_19MAY_12:00		X	DIEL	Environmental	1000	
Mo_2019_485.mzML	Mo_2019_485	DIEL_19MAY_15:00		7	DIEL	Environmental	1000	
Mo_2019_486.mzML	Mo_2019_486	DIEL_20MAY_00:00		leftover washed June 2018	DIEL	Environmental	1000	
Mo_2019_487.mzML	Mo_2019_487	DIEL_20MAY_03:00		leftover washed June 2018	DIEL	Environmental	1000	
Mo_2019_488.mzML	Mo_2019_488	DIEL_20MAY_06:00		leftover washed June 2018	DIEL	Environmental	1000	
Mo_2019_489.mzML	Mo_2019_489	DIEL_20MAY_09:00		leftover washed June 2018	DIEL	Environmental	1000	
Mo_2019_49.mzML	Mo_2019_49	Mu_IC_T48_1	6433236_02	SD_3	MuTANT	Incubate	800	Irina
Mo_2019_490.mzML	Mo_2019_490	DIEL_20MAY_12:00		leftover washed June 2018	DIEL	Environmental	1000	
Mo_2019_491.mzML	Mo_2019_491	DIEL_20MAY_15:00		leftover washed June 2018	DIEL	Environmental	1000	
Mo_2019_492.mzML	Mo_2019_492	DIEL_20MAY_18:00			DIEL	Environmental	1000	
Mo_2019_493.mzML	Mo_2019_493	DIEL_20MAY_21:00			DIEL	Environmental	1000	
Mo_2019_494.mzML	Mo_2019_494	DIEL_21MAY_00:00			DIEL	Environmental	1000	
Mo_2019_495.mzML	Mo_2019_495	DIEL_21MAY_03:00			DIEL	Environmental	1000	
Mo_2019_496.mzML	Mo_2019_496	DIEL_21MAY_06:00			DIEL	Environmental	1000	
Mo_2019_497.mzML	Mo_2019_497	DIEL_21MAY_09:00			DIEL	Environmental	1000	
Mo_2019_498.mzML	Mo_2019_498	DIEL_21MAY_12:00			DIEL	Environmental	1000	
Mo_2019_499.mzML	Mo_2019_499	DIEL_21MAY_15:00			DIEL	Environmental	1000	
Mo_2019_5.mzML	Mo_2019_5	Mu_TR_T0_2	6433236_02	SD_3	MuTANT	Incubate	800	Irina
Mo_2019_50.mzML	Mo_2019_50	Mu_IC_T48_2	6433236_02	SD_4	MuTANT	Incubate	800	Irina
Mo_2019_500.mzML	Mo_2019_500	DIEL_21MAY_18:00			DIEL	Environmental	1000	
Mo_2019_501.mzML	Mo_2019_501	DIEL_21MAY_21:00			DIEL	Environmental	1000	
Mo_2019_502.mzML	Mo_2019_502	DIEL_22MAY_00:00			DIEL	Environmental	850	
Mo_2019_503.mzML	Mo_2019_503	DIEL_22MAY_03:00			DIEL	Environmental	1000	
Mo_2019_504.mzML	Mo_2019_504	DIEL_22MAY_06:00			DIEL	Environmental	1000	
Mo_2019_505.mzML	Mo_2019_505	DIEL_22MAY_12:00			DIEL	Environmental	1000	
Mo_2019_506.mzML	Mo_2019_506	DIEL_22MAY_15:00			DIEL	Environmental	1000	
Mo_2019_507.mzML	Mo_2019_507	DIEL_22MAY_18:00			DIEL	Environmental	1000	
Mo_2019_508.mzML	Mo_2019_508	DIEL_22MAY_21:00			DIEL	Environmental	1000	
Mo_2019_509.mzML	Mo_2019_509	DIEL_23MAY_00:00			DIEL	Environmental	1000	
Mo_2019_51.mzML	Mo_2019_51	Mu_IC_T48_3	6433236_02	SD_4	MuTANT	Incubate	800	Irina
Mo_2019_510.mzML	Mo_2019_510	DIEL_23MAY_06:00			DIEL	Environmental	1000	
Mo_2019_511.mzML	Mo_2019_511	DIEL_BLANK_23MAY			DIEL	BLANK	950	
Mo_2019_512.mzML	Mo_2019_512	HA_1			HALO	Environmental	400	
Mo_2019_513.mzML	Mo_2019_513	HA_2			HALO	Environmental	400	
Mo_2019_514.mzML	Mo_2019_514	HA_3			HALO	Environmental	400	
Mo_2019_515.mzML	Mo_2019_515	HA_4			HALO	Environmental	400	
Mo_2019_516.mzML	Mo_2019_516	HA_5			HALO	Environmental	400	
Mo_2019_517.mzML	Mo_2019_517	HA_6			HALO	Environmental	400	
Mo_2019_518.mzML	Mo_2019_518	HA_7			HALO	Environmental	400	
Mo_2019_519.mzML	Mo_2019_519	HA_8			HALO	Environmental	400	
Mo_2019_52.mzML	Mo_2019_52	Mu_TR_T48_1	6433236_02	SD_4	MuTANT	Incubate	800	Irina
Mo_2019_520.mzML	Mo_2019_520	HB_1			HALO	Environmental	400	
Mo_2019_521.mzML	Mo_2019_521	HB_2			HALO	Environmental	400	
Mo_2019_522.mzML	Mo_2019_522	HB_3			HALO	Environmental	400	
Mo_2019_523.mzML	Mo_2019_523	HB_4			HALO	Environmental	400	
Mo_2019_524.mzML	Mo_2019_524	HB_5			HALO	Environmental	400	
Mo_2019_525.mzML	Mo_2019_525	HB_6			HALO	Environmental	400	
Mo_2019_526.mzML	Mo_2019_526	HB_7			HALO	Environmental	400	
Mo_2019_527.mzML	Mo_2019_527	HB_8			HALO	Environmental	400	
Mo_2019_528.mzML	Mo_2019_528	HC_1			HALO	Environmental	400	
Mo_2019_529.mzML	Mo_2019_529	HC_2			HALO	Environmental	400	
Mo_2019_53.mzML	Mo_2019_53	Mu_TR_T48_2	6433236_02	SD_4	MuTANT	Incubate	800	Irina
Mo_2019_530.mzML	Mo_2019_530	HC_3			HALO	Environmental	400	
Mo_2019_531.mzML	Mo_2019_531	HC_4			HALO	Environmental	400	
Mo_2019_532.mzML	Mo_2019_532	HC_5			HALO	Environmental	400	
Mo_2019_533.mzML	Mo_2019_533	HC_6			HALO	Environmental	400	
Mo_2019_534.mzML	Mo_2019_534	HC_7			HALO	Environmental	400	
Mo_2019_535.mzML	Mo_2019_535	HC_8			HALO	Environmental	400	
Mo_2019_536.mzML	Mo_2019_536	HALO_BLANK_24MAY			HALO	BLANK	400	
Mo_2019_537.mzML	Mo_2019_537_B	DIEL_BLANK_22May			DIEL	BLANK	1000	
Mo_2019_538.mzML	Mo_2019_538	Interactomics_Blank			Interactomics			
Mo_2019_539.mzML	Mo_2019_539	unidentified 1			HALO		400?	
Mo_2019_54.mzML	Mo_2019_54	Mu_TR_T48_3	6433236_02	SD_4	MuTANT	Incubate	800	Irina
Mo_2019_540.mzML	Mo_2019_540	unidentified 2			HALO		400?	
Mo_2019_541.mzML	Mo_2019_541	unidentified 3			HALO		400?	
Mo_2019_542.mzML	Mo_2019_542	ABC_022			ABC			
Mo_2019_543.mzML	Mo_2019_543	ABC_inoculum B_T0			ABC			
Mo_2019_544.mzML	Mo_2019_544	S_T0_12M			Stark	Incubate	800	
Mo_2019_545.mzML	Mo_2019_545	S_T0_13M5			Stark	Incubate	800	
Mo_2019_546.mzML	Mo_2019_546	S_T0_13M10			Stark	Incubate	800	
Mo_2019_547.mzML	Mo_2019_547	S_T0_EX			Stark	Incubate	800	
Mo_2019_548.mzML	Mo_2019_548	S_T0_CT			Stark	Incubate	800	
Mo_2019_549.mzML	Mo_2019_549	S_T4_12M_A			Stark	Incubate	800	
Mo_2019_55.mzML	Mo_2019_55	Mu_PC_T48_1	6433236_02	SD_4	MuTANT	Incubate	800	Irina
Mo_2019_550.mzML	Mo_2019_550	S_T4_12M_B			Stark	Incubate	800	
Mo_2019_551.mzML	Mo_2019_551	S_T4_13M5_A			Stark	Incubate	800	
Mo_2019_552.mzML	Mo_2019_552	S_T4_13M5_B			Stark	Incubate	800	
Mo_2019_553.mzML	Mo_2019_553	S_T4_13M10_A			Stark	Incubate	800	
Mo_2019_554.mzML	Mo_2019_554	S_T4_13M10_B			Stark	Incubate	800	
Mo_2019_555.mzML	Mo_2019_555	S_T4_EX_A			Stark	Incubate	800	
Mo_2019_556.mzML	Mo_2019_556	S_T4_EX_B			Stark	Incubate	800	
Mo_2019_557.mzML	Mo_2019_557	S_T4_CT_A			Stark	Incubate	800	
Mo_2019_558.mzML	Mo_2019_558	S_T4_CT_B			Stark	Incubate	800	
Mo_2019_559.mzML	Mo_2019_559	B1_Bay			Baratheon	Environmental	1000	
Mo_2019_56.mzML	Mo_2019_56	Mu_PC_T48_2	6433236_02	SD_4	MuTANT	Incubate	800	Irina
Mo_2019_560.mzML	Mo_2019_560	B1_Fore			Baratheon	Environmental	1000	
Mo_2019_561.mzML	Mo_2019_561	B1_LTER1			Baratheon	Environmental	1000	
Mo_2019_562.mzML	Mo_2019_562	B1_LTER2			Baratheon	Environmental	1000	
Mo_2019_563.mzML	Mo_2019_563	B1_Off			Baratheon	Environmental	1000	
Mo_2019_564.mzML	Mo_2019_564	B2_LTER2_A			Baratheon	Environmental	1000	
Mo_2019_565.mzML	Mo_2019_565	B2_LTER2_B			Baratheon	Environmental	1000	
Mo_2019_566.mzML	Mo_2019_566	B2_Bay_A			Baratheon	Environmental	1000	
Mo_2019_567.mzML	Mo_2019_567	B2_Bay_B			Baratheon	Environmental	1000	
Mo_2019_568_B.mzML	Mo_2019_568_B	T_T4_OF_A			Targaryen	Incubate	800	
Mo_2019_569.mzML	Mo_2019_569	T_T4_OF_B			Targaryen	Incubate	800	
Mo_2019_57.mzML	Mo_2019_57	Mu_PC_T48_3	6433236_02	SD_4	MuTANT	Incubate	800	Irina
Mo_2019_570.mzML	Mo_2019_570	T_T4_IF_A			Targaryen	Incubate	800	
Mo_2019_571.mzML	Mo_2019_571	T_T4_IF_B			Targaryen	Incubate	800	
Mo_2019_572_B.mzML	Mo_2019_572_B	T_T4_MF_A			Targaryen	Incubate	800	
Mo_2019_573.mzML	Mo_2019_573	T_T4_MF_B			Targaryen	Incubate	800	
Mo_2019_574.mzML	Mo_2019_574	T_T4_OW_A			Targaryen	Incubate	800	
Mo_2019_575.mzML	Mo_2019_575	T_T4_OW_B			Targaryen	Incubate	800	
Mo_2019_576.mzML	Mo_2019_576	T_T4_IW_A			Targaryen	Incubate	800	
Mo_2019_577.mzML	Mo_2019_577	T_T4_IW_B			Targaryen	Incubate	800	
Mo_2019_578.mzML	Mo_2019_578	T_T4_MF_A			Targaryen	Incubate	800	
Mo_2019_579.mzML	Mo_2019_579	T_T4_MF_B			Targaryen	Incubate	800	
Mo_2019_58.mzML	Mo_2019_58	Mu_WA_T48_1	6433236_02	SD_4	MuTANT	Incubate	800	Irina
Mo_2019_580.mzML	Mo_2019_580	L_T0_CT			Lannister	Incubate	800	
Mo_2019_581.mzML	Mo_2019_581	L_T0_CTMC			Lannister	Incubate	800	
Mo_2019_582.mzML	Mo_2019_582	L_T0_IN			Lannister	Incubate	800	
Mo_2019_583.mzML	Mo_2019_583	L_T0_INMC			Lannister	Incubate	800	
Mo_2019_584.mzML	Mo_2019_584	L_T0_OFF			Lannister	Incubate	800	
Mo_2019_585.mzML	Mo_2019_585	L_T0_OFFMC			Lannister	Incubate	800	
Mo_2019_586.mzML	Mo_2019_586	L_T4_CT_A			Lannister	Incubate	800	
Mo_2019_587.mzML	Mo_2019_587	L_T4_CT_B			Lannister	Incubate	800	
Mo_2019_588.mzML	Mo_2019_588	L_T4_IN_A			Lannister	Incubate	800	
Mo_2019_589.mzML	Mo_2019_589	L_T4_IN_B			Lannister	Incubate	800	
Mo_2019_59.mzML	Mo_2019_59	Mu_WA_T48_2	6433236_02	SD_4	MuTANT	Incubate	800	Irina
Mo_2019_590.mzML	Mo_2019_590	L_T4_INMC_A			Lannister	Incubate	800	
Mo_2019_591.mzML	Mo_2019_591	L_T4_INMC_B			Lannister	Incubate	800	
Mo_2019_592.mzML	Mo_2019_592	L_T4_OFF_A			Lannister	Incubate	800	
Mo_2019_593.mzML	Mo_2019_593	L_T4_OFF_B			Lannister	Incubate	800	
Mo_2019_594.mzML	Mo_2019_594	L_T4_OFFMC_A			Lannister	Incubate	800	
Mo_2019_595.mzML	Mo_2019_595	L_T4_OFFMC_B			Lannister	Incubate	800	
Mo_2019_596.mzML	Mo_2019_596	Jacqui_Blank1			Blank	Blank	800	
Mo_2019_598.mzML	Mo_2019_598	L_T4_CTMC_A			Lannister			
Mo_2019_599.mzML	Mo_2019_599	L_T4_CTMC_B			Lannister			
Mo_2019_6.mzML	Mo_2019_6	Mu_TR_T0_3	6433236_02	SD_3	MuTANT	Incubate	800	Irina
Mo_2019_60.mzML	Mo_2019_60	Mu_WA_T48_3	6433236_02	SD_4	MuTANT	Incubate	800	Irina
Mo_2019_600.mzML	Mo_2019_600	OP_1			Optimus Prime			
Mo_2019_601.mzML	Mo_2019_601	OP_2			Optimus Prime			
Mo_2019_602.mzML	Mo_2019_602	OP_3			Optimus Prime			
Mo_2019_603.mzML	Mo_2019_603	OP_4			Optimus Prime			
Mo_2019_604.mzML	Mo_2019_604	OP_5			Optimus Prime			
Mo_2019_605.mzML	Mo_2019_605	OP_6			Optimus Prime			
Mo_2019_606.mzML	Mo_2019_606	OP_8			Optimus Prime			
Mo_2019_607.mzML	Mo_2019_607	OP_9			Optimus Prime			
Mo_2019_61.mzML	Mo_2019_61	Mu_IC_STD_1	6433236_02	SD_4	MuTANT	Extraction Standard	800	Irina
Mo_2019_62.mzML	Mo_2019_62	Mu_IC_STD_0.1	6433236_02	SD_4	MuTANT	Extraction Standard	800	Irina
Mo_2019_63.mzML	Mo_2019_63	Mu_TR_STD_1	6433236_02	SD_4	MuTANT	Extraction Standard	800	Irina
Mo_2019_64.mzML	Mo_2019_64	Mu_IC_TR_.01	6433236_02	SD_4	MuTANT	Extraction Standard	800	Irina
Mo_2019_65.mzML	Mo_2019_65	Mu_PC_STD_1	6433236_02	SD_4	MuTANT	Extraction Standard	800	Irina
Mo_2019_66.mzML	Mo_2019_66	Mu_PC_STD_0.1	6433236_02	SD_4	MuTANT	Extraction Standard	800	Irina
Mo_2019_67.mzML	Mo_2019_67	Mu_Blank	6433236_02	SD_3	MuTANT	Blank	800	Irina
Mo_2019_68.mzML	Mo_2019_68	T_OF_T0		SB	Targaryen		800	Jacqui
Mo_2019_69.mzML	Mo_2019_69	T_IF_T0		SB	Targaryen		800	Jacqui
Mo_2019_7.mzML	Mo_2019_7	Mu_PC_T0_1	6433236_02	SD_3	MuTANT	Incubate	800	Irina
Mo_2019_70.mzML	Mo_2019_70	T_MF_T0		SB	Targaryen		800	Jacqui
Mo_2019_71.mzML	Mo_2019_71	T_OW_T0		SB	Targaryen		800	Jacqui
Mo_2019_72.mzML	Mo_2019_72	T_IW_T0		SB	Targaryen		800	Jacqui
Mo_2019_73.mzML	Mo_2019_73	T_MW_T0		SB	Targaryen		800	Jacqui
Mo_2019_74.mzML	Mo_2019_74	PC_WA1_T1C			PlAN C	Exudate	400	Zaq
Mo_2019_75.mzML	Mo_2019_75	PC_WA2_T1C			PlAN C	Exudate	400	Zaq
Mo_2019_76.mzML	Mo_2019_76	PC_WA3_T1C			PlAN C	Exudate	400	Zaq
Mo_2019_77.mzML	Mo_2019_77	PC_HE1_T1C			PlAN C	Exudate	400	Zaq
Mo_2019_78.mzML	Mo_2019_78	PC_HE2_T1C			PlAN C	Exudate	400	Zaq
Mo_2019_79.mzML	Mo_2019_79	PC_HE3_T1C			PlAN C	Exudate	400	Zaq
Mo_2019_8.mzML	Mo_2019_8	Mu_PC_T0_2	6433236_02	SD_3	MuTANT	Incubate	800	Irina
Mo_2019_80.mzML	Mo_2019_80	PC_PB1_T1C			PlAN C	Exudate	400	Zaq
Mo_2019_81.mzML	Mo_2019_81	PC_PB2_T1C			PlAN C	Exudate	400	Zaq
Mo_2019_82.mzML	Mo_2019_82	PC_PB3_T1C			PlAN C	Exudate	400	Zaq
Mo_2019_83.mzML	Mo_2019_83	PC_BL1_T1C			PlAN C	Exudate	400	Zaq
Mo_2019_84.mzML	Mo_2019_84	PC_BL2_T1C			PlAN C	Exudate	400	Zaq
Mo_2019_85.mzML	Mo_2019_85	PC_BL3_T1C			PlAN C	Exudate	400	Zaq
Mo_2019_86.mzML	Mo_2019_86	PC_WA1_T3C			PlAN C	Exudate	400	Zaq
Mo_2019_87.mzML	Mo_2019_87	PC_WA2_T3C			PlAN C	Exudate	400	Zaq
Mo_2019_88.mzML	Mo_2019_88	PC_WA3_T3C			PlAN C	Exudate	400	Zaq
Mo_2019_89.mzML	Mo_2019_89	PC_HE1_T3C			PlAN C	Exudate	400	Zaq
Mo_2019_9.mzML	Mo_2019_9	Mu_PC_T0_3	6433236_02	SD_3	MuTANT	Incubate	800	Irina
Mo_2019_90.mzML	Mo_2019_90	PC_HE2_T3C			PlAN C	Exudate	400	Zaq
Mo_2019_91.mzML	Mo_2019_91	PC_HE3_T3C			PlAN C	Exudate	400	Zaq
Mo_2019_92.mzML	Mo_2019_92	PC_PB1_T3C			PlAN C	Exudate	400	Zaq
Mo_2019_93.mzML	Mo_2019_93	PC_PB2_T3C			PlAN C	Exudate	400	Zaq
Mo_2019_94.mzML	Mo_2019_94	PC_PB3_T3C			PlAN C	Exudate	400	Zaq
Mo_2019_95.mzML	Mo_2019_95	PC_BL1_T3C			PlAN C	Exudate	400	Zaq
Mo_2019_96.mzML	Mo_2019_96	PC_BL2_T3C			PlAN C	Exudate	400	Zaq
Mo_2019_97.mzML	Mo_2019_97	PC_BL3_T3C			PlAN C	Exudate	400	Zaq
Mo_2019_98.mzML	Mo_2019_98	PC_WA1_T5C			PlAN C	Exudate	400	Zaq
Mo_2019_99.mzML	Mo_2019_99	PC_WA2_T5C			PlAN C	Exudate	400	Zaq